[
{
  "model": "contenttypes.contenttype",
  "fields": {
    "model": "permission",
    "name": "permission",
    "app_label": "auth"
  },
  "pk": 1
},
{
  "model": "contenttypes.contenttype",
  "fields": {
    "model": "group",
    "name": "group",
    "app_label": "auth"
  },
  "pk": 2
},
{
  "model": "contenttypes.contenttype",
  "fields": {
    "model": "user",
    "name": "user",
    "app_label": "auth"
  },
  "pk": 3
},
{
  "model": "contenttypes.contenttype",
  "fields": {
    "model": "contenttype",
    "name": "content type",
    "app_label": "contenttypes"
  },
  "pk": 4
},
{
  "model": "contenttypes.contenttype",
  "fields": {
    "model": "session",
    "name": "session",
    "app_label": "sessions"
  },
  "pk": 5
},
{
  "model": "contenttypes.contenttype",
  "fields": {
    "model": "question",
    "name": "question",
    "app_label": "tutor"
  },
  "pk": 6
},
{
  "model": "contenttypes.contenttype",
  "fields": {
    "model": "archivequestion",
    "name": "archive question",
    "app_label": "tutor"
  },
  "pk": 7
},
{
  "model": "contenttypes.contenttype",
  "fields": {
    "model": "test",
    "name": "test",
    "app_label": "tutor"
  },
  "pk": 9
},
{
  "model": "contenttypes.contenttype",
  "fields": {
    "model": "response",
    "name": "response",
    "app_label": "tutor"
  },
  "pk": 10
},
{
  "model": "contenttypes.contenttype",
  "fields": {
    "model": "questionflag",
    "name": "question flag",
    "app_label": "tutor"
  },
  "pk": 11
},
{
  "model": "contenttypes.contenttype",
  "fields": {
    "model": "friendconnect",
    "name": "friend connect",
    "app_label": "tutor"
  },
  "pk": 12
},
{
  "model": "contenttypes.contenttype",
  "fields": {
    "model": "message",
    "name": "message",
    "app_label": "tutor"
  },
  "pk": 13
},
{
  "model": "sessions.session",
  "fields": {
    "expire_date": "2014-11-13T12:57:53.761Z",
    "session_data": "OWExNmIzNzkyZWFjY2JiZjk3YTc5MGMyOGE3Njg4Yzc0ZjlkMjQ3Nzp7Il9hdXRoX3VzZXJfaGFzaCI6Ijg5OTQ0MzM5NjMyNWMwZDdiYjJiMDJjOTJjZmU0MWUwYmU1ZmMyNzEiLCJfYXV0aF91c2VyX2lkIjoxLCJfYXV0aF91c2VyX2JhY2tlbmQiOiJkamFuZ28uY29udHJpYi5hdXRoLmJhY2tlbmRzLk1vZGVsQmFja2VuZCJ9"
  },
  "pk": "0mm57fp6q3tcn9dxj4ypcsgwrhhtwn8t"
},
{
  "model": "sessions.session",
  "fields": {
    "expire_date": "2014-11-05T19:09:16.143Z",
    "session_data": "ZDU2ZDBlZDA0YzNlN2NiMjcwMmRlZDQxOTM0MTk0NDc1YmM2NzlhYzp7Il9hdXRoX3VzZXJfYmFja2VuZCI6ImRqYW5nby5jb250cmliLmF1dGguYmFja2VuZHMuTW9kZWxCYWNrZW5kIiwiX2F1dGhfdXNlcl9pZCI6MX0="
  },
  "pk": "0zy8y38lkvpdizfblwowyc4qwftbri01"
},
{
  "model": "sessions.session",
  "fields": {
    "expire_date": "2014-11-06T16:12:16.564Z",
    "session_data": "OWExNmIzNzkyZWFjY2JiZjk3YTc5MGMyOGE3Njg4Yzc0ZjlkMjQ3Nzp7Il9hdXRoX3VzZXJfaGFzaCI6Ijg5OTQ0MzM5NjMyNWMwZDdiYjJiMDJjOTJjZmU0MWUwYmU1ZmMyNzEiLCJfYXV0aF91c2VyX2lkIjoxLCJfYXV0aF91c2VyX2JhY2tlbmQiOiJkamFuZ28uY29udHJpYi5hdXRoLmJhY2tlbmRzLk1vZGVsQmFja2VuZCJ9"
  },
  "pk": "g163yazmjc3j39gznvphkmfp4amz7j6g"
},
{
  "model": "sessions.session",
  "fields": {
    "expire_date": "2014-10-30T01:18:01.847Z",
    "session_data": "ZDU2ZDBlZDA0YzNlN2NiMjcwMmRlZDQxOTM0MTk0NDc1YmM2NzlhYzp7Il9hdXRoX3VzZXJfYmFja2VuZCI6ImRqYW5nby5jb250cmliLmF1dGguYmFja2VuZHMuTW9kZWxCYWNrZW5kIiwiX2F1dGhfdXNlcl9pZCI6MX0="
  },
  "pk": "git410mgr43ahznyyjv8z4zmzkyzxbmr"
},
{
  "model": "sessions.session",
  "fields": {
    "expire_date": "2014-10-30T14:20:56.880Z",
    "session_data": "NjNjMTkzNWMyNTQxM2ZiNzAwYWUzYWNmNDU4NDAwNmQ1ZDA1NjU5ODp7Il9hdXRoX3VzZXJfaWQiOjMsIl9hdXRoX3VzZXJfYmFja2VuZCI6ImRqYW5nby5jb250cmliLmF1dGguYmFja2VuZHMuTW9kZWxCYWNrZW5kIn0="
  },
  "pk": "hg22khtyiy6u312lk5p6yf1ayiaq5h2e"
},
{
  "model": "sessions.session",
  "fields": {
    "expire_date": "2014-11-13T05:48:14.616Z",
    "session_data": "MWEwNTNmNDJkOGJmNzQwMjZhNDQ1NDM1OTQyOWRhMmM1NjQ2NzUzODp7Il9hdXRoX3VzZXJfYmFja2VuZCI6ImRqYW5nby5jb250cmliLmF1dGguYmFja2VuZHMuTW9kZWxCYWNrZW5kIiwiX2F1dGhfdXNlcl9pZCI6MSwiX2F1dGhfdXNlcl9oYXNoIjoiODk5NDQzMzk2MzI1YzBkN2JiMmIwMmM5MmNmZTQxZTBiZTVmYzI3MSJ9"
  },
  "pk": "kypx3k9xaimli1ki9df2eeoclu95pj67"
},
{
  "model": "sessions.session",
  "fields": {
    "expire_date": "2014-11-11T15:52:30.770Z",
    "session_data": "MWEwNTNmNDJkOGJmNzQwMjZhNDQ1NDM1OTQyOWRhMmM1NjQ2NzUzODp7Il9hdXRoX3VzZXJfYmFja2VuZCI6ImRqYW5nby5jb250cmliLmF1dGguYmFja2VuZHMuTW9kZWxCYWNrZW5kIiwiX2F1dGhfdXNlcl9pZCI6MSwiX2F1dGhfdXNlcl9oYXNoIjoiODk5NDQzMzk2MzI1YzBkN2JiMmIwMmM5MmNmZTQxZTBiZTVmYzI3MSJ9"
  },
  "pk": "l7gbv5klaqc8hv5vw5v5po3avmkc7jgb"
},
{
  "model": "sessions.session",
  "fields": {
    "expire_date": "2014-11-10T16:19:46.048Z",
    "session_data": "YmQzYTU0MmMxZjczZWNiNzUzYTQ4M2UzODA2ZmZjNDdhOWJlMzdhOTp7Il9hdXRoX3VzZXJfaWQiOjIsIl9hdXRoX3VzZXJfYmFja2VuZCI6ImRqYW5nby5jb250cmliLmF1dGguYmFja2VuZHMuTW9kZWxCYWNrZW5kIiwiX2F1dGhfdXNlcl9oYXNoIjoiZGY5MjlkNTE5OGVmMGYwNWQwM2M4MTIwMDcyNjliNzZkOGI5MzAzMSJ9"
  },
  "pk": "q461w46nqgxt1jpty6ru4c85znsfcxfm"
},
{
  "model": "tutor.test",
  "fields": {
    "question": 1,
    "args": "[1,2,3]",
    "result": "6"
  },
  "pk": 1
},
{
  "model": "tutor.test",
  "fields": {
    "question": 3,
    "args": "3",
    "result": "True"
  },
  "pk": 2
},
{
  "model": "tutor.test",
  "fields": {
    "question": 3,
    "args": "4",
    "result": "False"
  },
  "pk": 3
},
{
  "model": "tutor.test",
  "fields": {
    "question": 3,
    "args": "7",
    "result": "True"
  },
  "pk": 4
},
{
  "model": "tutor.test",
  "fields": {
    "question": 3,
    "args": "8",
    "result": "False"
  },
  "pk": 5
},
{
  "model": "tutor.test",
  "fields": {
    "question": 2,
    "args": "4",
    "result": "50.26544"
  },
  "pk": 6
},
{
  "model": "tutor.test",
  "fields": {
    "question": 2,
    "args": "22",
    "result": "1520.52956"
  },
  "pk": 7
},
{
  "model": "tutor.test",
  "fields": {
    "question": 3,
    "args": "1987",
    "result": "True"
  },
  "pk": 8
},
{
  "model": "tutor.test",
  "fields": {
    "question": 4,
    "args": "4",
    "result": "2"
  },
  "pk": 9
},
{
  "model": "tutor.test",
  "fields": {
    "question": 4,
    "args": "5",
    "result": "2.5"
  },
  "pk": 10
},
{
  "model": "tutor.test",
  "fields": {
    "question": 5,
    "args": "[2,3,4]",
    "result": "29"
  },
  "pk": 11
},
{
  "model": "tutor.test",
  "fields": {
    "question": 6,
    "args": "3",
    "result": "9"
  },
  "pk": 12
},
{
  "model": "tutor.test",
  "fields": {
    "question": 6,
    "args": "144",
    "result": "432"
  },
  "pk": 13
},
{
  "model": "tutor.test",
  "fields": {
    "question": 7,
    "args": "2000, 2010",
    "result": "10"
  },
  "pk": 14
},
{
  "model": "tutor.test",
  "fields": {
    "question": 8,
    "args": "'matt'",
    "result": "'hello, matt'"
  },
  "pk": 17
},
{
  "model": "tutor.test",
  "fields": {
    "question": 3,
    "args": "9",
    "result": "False"
  },
  "pk": 20
},
{
  "model": "tutor.test",
  "fields": {
    "question": 9,
    "args": "\"aaaa\",\"bb\"",
    "result": "\"aaaa\""
  },
  "pk": 21
},
{
  "model": "tutor.test",
  "fields": {
    "question": 9,
    "args": "\"bbbb\",\"aa\"",
    "result": "\"bbbb\""
  },
  "pk": 22
},
{
  "model": "tutor.test",
  "fields": {
    "question": 9,
    "args": "\"aa\",\"bb\"",
    "result": "\"aa\""
  },
  "pk": 23
},
{
  "model": "tutor.test",
  "fields": {
    "question": 8,
    "args": "a",
    "result": "a"
  },
  "pk": 24
},
{
  "model": "auth.permission",
  "fields": {
    "content_type": 1,
    "name": "Can add permission",
    "codename": "add_permission"
  },
  "pk": 1
},
{
  "model": "auth.permission",
  "fields": {
    "content_type": 1,
    "name": "Can change permission",
    "codename": "change_permission"
  },
  "pk": 2
},
{
  "model": "auth.permission",
  "fields": {
    "content_type": 1,
    "name": "Can delete permission",
    "codename": "delete_permission"
  },
  "pk": 3
},
{
  "model": "auth.permission",
  "fields": {
    "content_type": 2,
    "name": "Can add group",
    "codename": "add_group"
  },
  "pk": 4
},
{
  "model": "auth.permission",
  "fields": {
    "content_type": 2,
    "name": "Can change group",
    "codename": "change_group"
  },
  "pk": 5
},
{
  "model": "auth.permission",
  "fields": {
    "content_type": 2,
    "name": "Can delete group",
    "codename": "delete_group"
  },
  "pk": 6
},
{
  "model": "auth.permission",
  "fields": {
    "content_type": 3,
    "name": "Can add user",
    "codename": "add_user"
  },
  "pk": 7
},
{
  "model": "auth.permission",
  "fields": {
    "content_type": 3,
    "name": "Can change user",
    "codename": "change_user"
  },
  "pk": 8
},
{
  "model": "auth.permission",
  "fields": {
    "content_type": 3,
    "name": "Can delete user",
    "codename": "delete_user"
  },
  "pk": 9
},
{
  "model": "auth.permission",
  "fields": {
    "content_type": 4,
    "name": "Can add content type",
    "codename": "add_contenttype"
  },
  "pk": 10
},
{
  "model": "auth.permission",
  "fields": {
    "content_type": 4,
    "name": "Can change content type",
    "codename": "change_contenttype"
  },
  "pk": 11
},
{
  "model": "auth.permission",
  "fields": {
    "content_type": 4,
    "name": "Can delete content type",
    "codename": "delete_contenttype"
  },
  "pk": 12
},
{
  "model": "auth.permission",
  "fields": {
    "content_type": 5,
    "name": "Can add session",
    "codename": "add_session"
  },
  "pk": 13
},
{
  "model": "auth.permission",
  "fields": {
    "content_type": 5,
    "name": "Can change session",
    "codename": "change_session"
  },
  "pk": 14
},
{
  "model": "auth.permission",
  "fields": {
    "content_type": 5,
    "name": "Can delete session",
    "codename": "delete_session"
  },
  "pk": 15
},
{
  "model": "auth.permission",
  "fields": {
    "content_type": 6,
    "name": "Can add question",
    "codename": "add_question"
  },
  "pk": 16
},
{
  "model": "auth.permission",
  "fields": {
    "content_type": 6,
    "name": "Can change question",
    "codename": "change_question"
  },
  "pk": 17
},
{
  "model": "auth.permission",
  "fields": {
    "content_type": 6,
    "name": "Can delete question",
    "codename": "delete_question"
  },
  "pk": 18
},
{
  "model": "auth.permission",
  "fields": {
    "content_type": 7,
    "name": "Can add archive question",
    "codename": "add_archivequestion"
  },
  "pk": 19
},
{
  "model": "auth.permission",
  "fields": {
    "content_type": 7,
    "name": "Can change archive question",
    "codename": "change_archivequestion"
  },
  "pk": 20
},
{
  "model": "auth.permission",
  "fields": {
    "content_type": 7,
    "name": "Can delete archive question",
    "codename": "delete_archivequestion"
  },
  "pk": 21
},
{
  "model": "auth.permission",
  "fields": {
    "content_type": 9,
    "name": "Can add test",
    "codename": "add_test"
  },
  "pk": 25
},
{
  "model": "auth.permission",
  "fields": {
    "content_type": 9,
    "name": "Can change test",
    "codename": "change_test"
  },
  "pk": 26
},
{
  "model": "auth.permission",
  "fields": {
    "content_type": 9,
    "name": "Can delete test",
    "codename": "delete_test"
  },
  "pk": 27
},
{
  "model": "auth.permission",
  "fields": {
    "content_type": 10,
    "name": "Can add response",
    "codename": "add_response"
  },
  "pk": 28
},
{
  "model": "auth.permission",
  "fields": {
    "content_type": 10,
    "name": "Can change response",
    "codename": "change_response"
  },
  "pk": 29
},
{
  "model": "auth.permission",
  "fields": {
    "content_type": 10,
    "name": "Can delete response",
    "codename": "delete_response"
  },
  "pk": 30
},
{
  "model": "auth.permission",
  "fields": {
    "content_type": 11,
    "name": "Can add question flag",
    "codename": "add_questionflag"
  },
  "pk": 31
},
{
  "model": "auth.permission",
  "fields": {
    "content_type": 11,
    "name": "Can change question flag",
    "codename": "change_questionflag"
  },
  "pk": 32
},
{
  "model": "auth.permission",
  "fields": {
    "content_type": 11,
    "name": "Can delete question flag",
    "codename": "delete_questionflag"
  },
  "pk": 33
},
{
  "model": "auth.permission",
  "fields": {
    "content_type": 12,
    "name": "Can add friend connect",
    "codename": "add_friendconnect"
  },
  "pk": 34
},
{
  "model": "auth.permission",
  "fields": {
    "content_type": 12,
    "name": "Can change friend connect",
    "codename": "change_friendconnect"
  },
  "pk": 35
},
{
  "model": "auth.permission",
  "fields": {
    "content_type": 12,
    "name": "Can delete friend connect",
    "codename": "delete_friendconnect"
  },
  "pk": 36
},
{
  "model": "auth.permission",
  "fields": {
    "content_type": 13,
    "name": "Can add message",
    "codename": "add_message"
  },
  "pk": 37
},
{
  "model": "auth.permission",
  "fields": {
    "content_type": 13,
    "name": "Can change message",
    "codename": "change_message"
  },
  "pk": 38
},
{
  "model": "auth.permission",
  "fields": {
    "content_type": 13,
    "name": "Can delete message",
    "codename": "delete_message"
  },
  "pk": 39
},
{
  "model": "auth.user",
  "fields": {
    "email": "",
    "user_permissions": [],
    "last_name": "",
    "is_staff": false,
    "username": "mxc",
    "is_superuser": false,
    "is_active": true,
    "password": "pbkdf2_sha256$12000$sd1BXc3cofi7$/tMD8pbtfdyqqsSv5Lwra3itJghgW2A1FI2xmKlFosE=",
    "groups": [],
    "last_login": "2014-10-30T12:57:53.651Z",
    "first_name": "",
    "date_joined": "2014-10-16T01:18:01.262Z"
  },
  "pk": 1
},
{
  "model": "auth.user",
  "fields": {
    "email": "",
    "user_permissions": [],
    "last_name": "",
    "is_staff": false,
    "username": "katy",
    "is_superuser": false,
    "is_active": true,
    "password": "pbkdf2_sha256$12000$Zpg5KZ9LV0Yg$CPbPAmsS27z733aJuXLbYj5rVHkNoU+IsSvF9aPp9kw=",
    "groups": [],
    "last_login": "2014-10-27T16:19:45.906Z",
    "first_name": "",
    "date_joined": "2014-10-16T01:21:15.489Z"
  },
  "pk": 2
},
{
  "model": "auth.user",
  "fields": {
    "email": "",
    "user_permissions": [],
    "last_name": "",
    "is_staff": false,
    "username": "davidf",
    "is_superuser": false,
    "is_active": true,
    "password": "pbkdf2_sha256$12000$sIDrSu6HdFI9$lez6gzH7DMLErN/9q2y9mfZinxTFsNqKuz0QahkYhG8=",
    "groups": [],
    "last_login": "2014-10-16T14:20:56.708Z",
    "first_name": "",
    "date_joined": "2014-10-16T14:20:56.346Z"
  },
  "pk": 3
},
{
  "model": "tutor.question",
  "fields": {
    "version": 2,
    "creator": 2,
    "tags": "iteration, tip5, ",
    "solution": "\r\ndef listsum(xs):\r\n    \r\n    running_total = 0\r\n    for x in xs:\r\n        running_total = running_total + x\r\n    return running_total\r\n",
    "modified": "2014-10-31T03:04:09.206Z",
    "prompt": "Create a function that sums all the numbers in the list xs and return the total\r\n",
    "status": 2,
    "created": "2014-10-16T01:28:12.096Z",
    "modifier": 1,
    "comment": "",
    "level": 1,
    "function_name": "listsum"
  },
  "pk": 1
},
{
  "model": "tutor.question",
  "fields": {
    "version": 6,
    "creator": 1,
    "tags": "functions, tip4, math, pi",
    "solution": "def area_of_circle(r):\r\n    return 3.14159 * r**2\r\n\r\n\r\n\r\n\r\n\r\n",
    "modified": "2014-10-31T03:04:09.209Z",
    "prompt": "Write a function ``area_of_circle(r)`` which returns the area of a circle of radius r.\r\n\r\n(Hint: if you can\u2019t remember how to find the area of a circle, look it up or ask a friend.)\r\n\r\n(Hint 2: use **3.14159** as the value for pi, to make sure your values match the\r\ntest casses.)\r\n\r\n",
    "status": 2,
    "created": "2014-10-16T01:30:21.580Z",
    "modifier": 1,
    "comment": "",
    "level": 1,
    "function_name": "area_of_circle"
  },
  "pk": 2
},
{
  "model": "tutor.question",
  "fields": {
    "version": 15,
    "creator": 2,
    "tags": "iteration, tip5, math, primes",
    "solution": "\r\ndef is_prime(n):\r\n    \r\n    if n == 2: return True\r\n    \r\n    for i in range(2, n):\r\n        if n % i == 0:\r\n            return False\r\n    return True\r\n            \r\n\r\n\r\n\r\n\r\n\r\n\r\n\r\n",
    "modified": "2014-10-31T03:04:09.231Z",
    "prompt": "Write a function called ``is_prime`` that takes a number and returns\r\n``True`` if it is prime and ``False`` if it isn't.\r\n\r\n\r\n\r\n\r\n\r\n\r\n\r\n\r\n\r\n",
    "status": 2,
    "created": "2014-10-16T01:36:05.886Z",
    "modifier": 1,
    "comment": "",
    "level": 1,
    "function_name": "is_prime"
  },
  "pk": 3
},
{
  "model": "tutor.question",
  "fields": {
    "version": 1,
    "creator": 1,
    "tags": "functions, tip4",
    "solution": "def half(n): return n/2\r\n",
    "modified": "2014-10-31T03:04:09.234Z",
    "prompt": "Write a function ``half(n)`` which divides n by 2 and returns the result.\r\n\r\n",
    "status": 2,
    "created": "2014-10-16T01:47:20.262Z",
    "modifier": 1,
    "comment": "",
    "level": 1,
    "function_name": "half"
  },
  "pk": 4
},
{
  "model": "tutor.question",
  "fields": {
    "version": 7,
    "creator": 2,
    "tags": "iteration, tip5, math",
    "solution": "def sum_of_squares(t):\r\n    return sum([i**2 for i in t])\r\n\r\n\r\n\r\n\r\n",
    "modified": "2014-10-31T03:04:09.236Z",
    "prompt": "Write a function ``called sum_of_squares`` that computes the sum of the square \r\nof the numbers in a list.\r\n\r\nFor example, if list x = [2,3,4], it should return 4+9+16 which is 29\r\nHint: use the built-in python function ``sum`` to make things easy on yourself.\r\n\r\n\r\n\r\n\r\n\r\n",
    "status": 2,
    "created": "2014-10-16T01:49:54.476Z",
    "modifier": 1,
    "comment": "",
    "level": 3,
    "function_name": "sum_of_squares"
  },
  "pk": 5
},
{
  "model": "tutor.question",
  "fields": {
    "version": 1,
    "creator": 1,
    "tags": "functions, tip4",
    "solution": "def triple(n): return n * 3\r\n",
    "modified": "2014-10-31T03:04:09.238Z",
    "prompt": "Write a function ``triple(n)`` which multiplies n times 3 and returns the result.\r\n\r\n",
    "status": 2,
    "created": "2014-10-16T01:50:49.562Z",
    "modifier": 1,
    "comment": "",
    "level": 1,
    "function_name": "triple"
  },
  "pk": 6
},
{
  "model": "tutor.question",
  "fields": {
    "version": 1,
    "creator": 1,
    "tags": "functions, tip4",
    "solution": "def how_old(yob, year): return year - yob\r\n",
    "modified": "2014-10-31T03:04:09.240Z",
    "prompt": "Write a function ``how_old(yob, year)`` which determines who old a person will be if they where born in yob at  the end of ``year``.\r\n\r\n",
    "status": 2,
    "created": "2014-10-16T13:21:53.990Z",
    "modifier": 1,
    "comment": "",
    "level": 1,
    "function_name": "how_old"
  },
  "pk": 7
},
{
  "model": "tutor.question",
  "fields": {
    "version": 5,
    "creator": 1,
    "tags": "tip4, strings, return",
    "solution": "def hello(name): \r\n    return \"hello, \" + name\r\n",
    "modified": "2014-10-31T03:24:26.311Z",
    "prompt": "Write a function ``hello(name)`` which returns a ``String`` in the format of Hello, <name>. For example:\r\n``hello(\"matt\")`` returns the String 'hello, matt'.\r\n\r\n",
    "status": 2,
    "created": "2014-10-22T19:13:42.651Z",
    "modifier": 1,
    "comment": "",
    "level": 1,
    "function_name": "hello"
  },
  "pk": 8
},
{
  "model": "tutor.question",
  "fields": {
    "version": 1,
    "creator": 1,
    "tags": "",
    "solution": "def longer_word(s1,s2):\r\n    if len(s2) > len(s1):\r\n        return s2\r\n    return s1",
    "modified": "2014-10-31T03:04:09.246Z",
    "prompt": "Write a function that returns the longer of two words, or the first word if they are the same length.",
    "status": 2,
    "created": "2014-10-29T19:15:09.103Z",
    "modifier": 1,
    "comment": "",
    "level": 2,
    "function_name": "longer_word"
  },
  "pk": 9
},
{
  "model": "tutor.archivequestion",
  "fields": {
    "archived": "2014-10-16T01:28:12.144Z",
    "version": 1,
    "creator": 2,
    "tags": "iteration, tip5, ",
    "parent": 1,
    "solution": "\r\ndef listsum(xs):\r\n    \r\n    running_total = 0\r\n    for x in xs:\r\n        running_total = running_total + x\r\n    return running_total\r\n",
    "modified": "2014-10-16T01:28:12.144Z",
    "prompt": "# Create a function that sums all the numbers in the list xs and return the total\r\n",
    "created": "2014-10-16T01:28:12.144Z",
    "modifier": 2,
    "comment": "",
    "level": 1,
    "function_name": "listsum"
  },
  "pk": 1
},
{
  "model": "tutor.archivequestion",
  "fields": {
    "archived": "2014-10-16T01:30:21.661Z",
    "version": 1,
    "creator": 1,
    "tags": "functions, tip4, math, pi",
    "parent": 2,
    "solution": "def area_of_circle(r):\r\n    return 3.14159 * r * 2\r\n\r\n",
    "modified": "2014-10-16T01:30:21.661Z",
    "prompt": "\r\n\r\nWrite a function ``area_of_circle(r)`` which returns the area of a circle of radius r.\r\n(Hint: if you can\u2019t remember how to find the area of a circle, look it up or ask a friend.)\r\n(Hint 2: use 3.14159 as the value for pi)",
    "created": "2014-10-16T01:30:21.661Z",
    "modifier": 1,
    "comment": "",
    "level": 1,
    "function_name": "area_of_circle"
  },
  "pk": 2
},
{
  "model": "tutor.archivequestion",
  "fields": {
    "archived": "2014-10-16T01:36:05.940Z",
    "version": 1,
    "creator": 2,
    "tags": "iteration, tip5, math",
    "parent": 3,
    "solution": "def is_prime(n):\r\n    3 to n// if evenly divisible by \r\n    \r\n    for i in range(3, n):\r\n        if n % i == 0:\r\n            return False\r\n    return True\r\n            ",
    "modified": "2014-10-16T01:36:05.940Z",
    "prompt": "# write a function called is_prime that takes a number and returns True if it is prime and False if it isn't.\r\n\r\n",
    "created": "2014-10-16T01:36:05.940Z",
    "modifier": 2,
    "comment": "",
    "level": 1,
    "function_name": "is_prime"
  },
  "pk": 3
},
{
  "model": "tutor.archivequestion",
  "fields": {
    "archived": "2014-10-16T01:36:54.949Z",
    "version": 2,
    "creator": 2,
    "tags": "iteration, tip5, math",
    "parent": 3,
    "solution": "def is_prime(n):\r\n    \r\n    for i in range(3, n):\r\n        if n % i == 0:\r\n            return False\r\n    return True\r\n            \r\n\r\n",
    "modified": "2014-10-16T01:36:54.949Z",
    "prompt": "# write a function called is_prime that takes a number and returns True if it is prime and False if it isn't.\r\n\r\n\r\n\r\n",
    "created": "2014-10-16T01:36:54.949Z",
    "modifier": 2,
    "comment": "",
    "level": 1,
    "function_name": "is_prime"
  },
  "pk": 4
},
{
  "model": "tutor.archivequestion",
  "fields": {
    "archived": "2014-10-16T01:39:23.334Z",
    "version": 2,
    "creator": 1,
    "tags": "functions, tip4, math, pi",
    "parent": 2,
    "solution": "def area_of_circle(r):\r\n    return 3.14159 * r**2\r\n\r\n\r\n\r\n",
    "modified": "2014-10-16T01:39:23.334Z",
    "prompt": "\r\n\r\nWrite a function ``area_of_circle(r)`` which returns the area of a circle of radius r.\r\n(Hint: if you can\u2019t remember how to find the area of a circle, look it up or ask a friend.)\r\n(Hint 2: use 3.14159 as the value for pi)\r\n\r\n",
    "created": "2014-10-16T01:39:23.334Z",
    "modifier": 1,
    "comment": "",
    "level": 1,
    "function_name": "area_of_circle"
  },
  "pk": 5
},
{
  "model": "tutor.archivequestion",
  "fields": {
    "archived": "2014-10-16T01:40:39.306Z",
    "version": 3,
    "creator": 1,
    "tags": "functions, tip4, math, pi",
    "parent": 2,
    "solution": "def area_of_circle(r):\r\n    return 3.14159 * r**2\r\n\r\n\r\n\r\n\r\n\r\n",
    "modified": "2014-10-16T01:40:39.306Z",
    "prompt": "Write a function ``area_of_circle(r)`` which returns the area of a circle of radius r.\r\n(Hint: if you can\u2019t remember how to find the area of a circle, look it up or ask a friend.)\r\n(Hint 2: use 3.14159 as the value for pi)\r\n\r\n\r\n\r\n",
    "created": "2014-10-16T01:40:39.306Z",
    "modifier": 1,
    "comment": "",
    "level": 1,
    "function_name": "area_of_circle"
  },
  "pk": 6
},
{
  "model": "tutor.archivequestion",
  "fields": {
    "archived": "2014-10-16T01:42:52.024Z",
    "version": 3,
    "creator": 2,
    "tags": "iteration, tip5, math",
    "parent": 3,
    "solution": "def is_prime(n):\r\n    \r\n    if n == 2: return True\r\n    \r\n    for i in range(2, n):\r\n        if n % i == 0:\r\n            return False\r\n    return True\r\n            \r\n\r\n\r\n\r\n",
    "modified": "2014-10-16T01:42:52.024Z",
    "prompt": "# write a function called is_prime that takes a number and returns True if it is prime and False if it isn't.\r\n\r\n\r\n\r\n\r\n\r\n",
    "created": "2014-10-16T01:42:52.024Z",
    "modifier": 1,
    "comment": "",
    "level": 1,
    "function_name": "is_prime"
  },
  "pk": 7
},
{
  "model": "tutor.archivequestion",
  "fields": {
    "archived": "2014-10-16T01:44:16.190Z",
    "version": 4,
    "creator": 2,
    "tags": "iteration, tip5, math",
    "parent": 3,
    "solution": "def is_prime(n):\r\n    \r\n    if n == 2: return True\r\n    \r\n    for i in range(2, n):\r\n        if n % i == 0:\r\n            return False\r\n    return True\r\n            \r\n\r\n\r\n\r\n\r\n\r\n",
    "modified": "2014-10-16T01:44:16.190Z",
    "prompt": "# write a function called is_prime that takes a number and returns True if it is prime and False if it isn't.\r\n\r\n\r\n\r\n\r\n\r\n\r\n\r\n",
    "created": "2014-10-16T01:44:16.190Z",
    "modifier": 1,
    "comment": "",
    "level": 1,
    "function_name": "is_prime"
  },
  "pk": 8
},
{
  "model": "tutor.archivequestion",
  "fields": {
    "archived": "2014-10-16T01:44:24.816Z",
    "version": 5,
    "creator": 2,
    "tags": "iteration, tip5, math, primes",
    "parent": 3,
    "solution": "def is_prime(n):\r\n    \r\n    if n == 2: return True\r\n    \r\n    for i in range(2, n):\r\n        if n % i == 0:\r\n            return False\r\n    return True\r\n            \r\n\r\n\r\n\r\n\r\n\r\n\r\n\r\n",
    "modified": "2014-10-16T01:44:24.816Z",
    "prompt": "# write a function called is_prime that takes a number and returns True if it is prime and False if it isn't.\r\n\r\n\r\n\r\n\r\n\r\n\r\n\r\n\r\n\r\n",
    "created": "2014-10-16T01:44:24.816Z",
    "modifier": 1,
    "comment": "",
    "level": 1,
    "function_name": "is_prime"
  },
  "pk": 9
},
{
  "model": "tutor.archivequestion",
  "fields": {
    "archived": "2014-10-16T01:47:20.313Z",
    "version": 1,
    "creator": 1,
    "tags": "functions, tip4",
    "parent": 4,
    "solution": "def half(n): return n/2\r\n",
    "modified": "2014-10-16T01:47:20.313Z",
    "prompt": "Write a function ``half(n)`` which divides n by 2 and returns the result.\r\n\r\n",
    "created": "2014-10-16T01:47:20.313Z",
    "modifier": 1,
    "comment": "",
    "level": 1,
    "function_name": "half"
  },
  "pk": 10
},
{
  "model": "tutor.archivequestion",
  "fields": {
    "archived": "2014-10-16T01:49:54.529Z",
    "version": 1,
    "creator": 2,
    "tags": "iteration, tip5, math",
    "parent": 5,
    "solution": "def sum_of_squares(my_list)\r\n    for item in range(my_list):\r\n        item ** 2\r\n        total = sum(item)\r\n        return total\r\n",
    "modified": "2014-10-16T01:49:54.529Z",
    "prompt": "# write a function called sum_of_squares that computes the sum of the square of the numbers in a list\r\n# for example, if list x = [2,3,4], it should return 4+9+16 which is 29\r\n# use the built-in python function 'sum'\r\n\r\n",
    "created": "2014-10-16T01:49:54.529Z",
    "modifier": 2,
    "comment": "",
    "level": 1,
    "function_name": "sum_of_squares"
  },
  "pk": 11
},
{
  "model": "tutor.archivequestion",
  "fields": {
    "archived": "2014-10-16T01:50:49.634Z",
    "version": 1,
    "creator": 1,
    "tags": "functions, tip4",
    "parent": 6,
    "solution": "def triple(n): return n * 3\r\n",
    "modified": "2014-10-16T01:50:49.634Z",
    "prompt": "Write a function ``triple(n)`` which multiplies n times 3 and returns the result.\r\n\r\n",
    "created": "2014-10-16T01:50:49.634Z",
    "modifier": 1,
    "comment": "",
    "level": 1,
    "function_name": "triple"
  },
  "pk": 12
},
{
  "model": "tutor.archivequestion",
  "fields": {
    "archived": "2014-10-16T01:50:52.629Z",
    "version": 2,
    "creator": 2,
    "tags": "iteration, tip5, math",
    "parent": 5,
    "solution": "def sum_of_squares(my_list)\r\n    for item in range(my_list):\r\n        newitem = item ** 2\r\n        total = sum(newitem)\r\n        return total\r\n\r\n\r\n",
    "modified": "2014-10-16T01:50:52.629Z",
    "prompt": "# write a function called sum_of_squares that computes the sum of the square of the numbers in a list\r\n# for example, if list x = [2,3,4], it should return 4+9+16 which is 29\r\n# use the built-in python function 'sum'\r\n\r\n\r\n\r\n",
    "created": "2014-10-16T01:50:52.629Z",
    "modifier": 2,
    "comment": "",
    "level": 1,
    "function_name": "sum_of_squares"
  },
  "pk": 13
},
{
  "model": "tutor.archivequestion",
  "fields": {
    "archived": "2014-10-16T01:52:04.189Z",
    "version": 3,
    "creator": 2,
    "tags": "iteration, tip5, math",
    "parent": 5,
    "solution": "def sum_of_squares(my_list)\r\n    total = []\r\n    my_list = range(my_list):\r\n        for item in my_list:\r\n            item ** 2\r\n        total.append(item)\r\n        total = sum(newitem)\r\n        return total\r\n\r\n\r\n\r\n\r\n",
    "modified": "2014-10-16T01:52:04.189Z",
    "prompt": "# write a function called sum_of_squares that computes the sum of the square of the numbers in a list\r\n# for example, if list x = [2,3,4], it should return 4+9+16 which is 29\r\n# use the built-in python function 'sum'\r\n\r\n\r\n\r\n\r\n\r\n",
    "created": "2014-10-16T01:52:04.189Z",
    "modifier": 2,
    "comment": "",
    "level": 1,
    "function_name": "sum_of_squares"
  },
  "pk": 14
},
{
  "model": "tutor.archivequestion",
  "fields": {
    "archived": "2014-10-16T13:21:54.041Z",
    "version": 1,
    "creator": 1,
    "tags": "functions, tip4",
    "parent": 7,
    "solution": "def how_old(yob, year): return year - yob\r\n",
    "modified": "2014-10-16T13:21:54.041Z",
    "prompt": "Write a function ``how_old(yob, year)`` which determines who old a person will be if they where born in yob at  the end of ``year``.\r\n\r\n",
    "created": "2014-10-16T13:21:54.041Z",
    "modifier": 1,
    "comment": "",
    "level": 1,
    "function_name": "how_old"
  },
  "pk": 15
},
{
  "model": "tutor.archivequestion",
  "fields": {
    "archived": "2014-10-22T19:13:42.705Z",
    "version": 1,
    "creator": 1,
    "tags": "tip4, strings, return",
    "parent": 8,
    "solution": "def hello(name): return \"hello, \" + name\r\n",
    "modified": "2014-10-22T19:13:42.705Z",
    "prompt": "Write a function ``hello(name)`` which returns a ``String`` in the format of Hello, <name>. For example:\r\n``hello(\"matt\")`` returns the String 'hello, matt'.\r\n\r\n",
    "created": "2014-10-22T19:13:42.705Z",
    "modifier": 1,
    "comment": "",
    "level": 1,
    "function_name": "hellow"
  },
  "pk": 16
},
{
  "model": "tutor.archivequestion",
  "fields": {
    "archived": "2014-10-28T15:53:25.642Z",
    "version": 2,
    "creator": 1,
    "tags": "tip4, strings, return",
    "parent": 8,
    "solution": "def hello(name): return \"hello, \" + name\r\n",
    "modified": "2014-10-28T15:53:25.642Z",
    "prompt": "Write a function ``hello(name)`` which returns a ``String`` in the format of Hello, <name>. For example:\r\n``hello(\"matt\")`` returns the String 'hello, matt'.\r\n\r\n",
    "created": "2014-10-28T15:53:25.642Z",
    "modifier": 1,
    "comment": "",
    "level": 1,
    "function_name": "hello"
  },
  "pk": 18
},
{
  "model": "tutor.archivequestion",
  "fields": {
    "archived": "2014-10-28T15:57:46.628Z",
    "version": 3,
    "creator": 1,
    "tags": "tip4, strings, return",
    "parent": 8,
    "solution": "def hello(name): \r\n    return \"hello, \" + name\r\n",
    "modified": "2014-10-28T15:57:46.628Z",
    "prompt": "Write a function ``hello(name)`` which returns a ``String`` in the format of Hello, <name>. For example:\r\n``hello(\"matt\")`` returns the String 'hello, matt'.\r\n\r\n",
    "created": "2014-10-28T15:57:46.628Z",
    "modifier": 1,
    "comment": "",
    "level": 1,
    "function_name": "hello"
  },
  "pk": 19
},
{
  "model": "tutor.archivequestion",
  "fields": {
    "archived": "2014-10-28T15:59:30.450Z",
    "version": 4,
    "creator": 1,
    "tags": "tip4, strings, return",
    "parent": 8,
    "solution": "def hello(name): \r\n    return \"hellao, \" + name\r\n",
    "modified": "2014-10-28T15:59:30.450Z",
    "prompt": "Write a function ``hello(name)`` which returns a ``String`` in the format of Hello, <name>. For example:\r\n``hello(\"matt\")`` returns the String 'hello, matt'.\r\n\r\n",
    "created": "2014-10-28T15:59:30.450Z",
    "modifier": 1,
    "comment": "",
    "level": 1,
    "function_name": "hello"
  },
  "pk": 20
},
{
  "model": "tutor.archivequestion",
  "fields": {
    "archived": "2014-10-28T16:04:11.396Z",
    "version": 5,
    "creator": 1,
    "tags": "tip4, strings, return",
    "parent": 8,
    "solution": "def hello(name): \r\n    return \"hello, \" + name\r\n",
    "modified": "2014-10-28T16:04:11.396Z",
    "prompt": "Write a function ``hello(name)`` which returns a ``String`` in the format of Hello, <name>. For example:\r\n``hello(\"matt\")`` returns the String 'hello, matt'.\r\n\r\n",
    "created": "2014-10-28T16:04:11.396Z",
    "modifier": 1,
    "comment": "",
    "level": 1,
    "function_name": "hello"
  },
  "pk": 21
},
{
  "model": "tutor.archivequestion",
  "fields": {
    "archived": "2014-10-28T16:35:02.469Z",
    "version": 2,
    "creator": 2,
    "tags": "iteration, tip5, ",
    "parent": 1,
    "solution": "\r\ndef listsum(xs):\r\n    \r\n    running_total = 0\r\n    for x in xs:\r\n        running_total = running_total + x\r\n    return running_total\r\n",
    "modified": "2014-10-28T16:35:02.469Z",
    "prompt": "Create a function that sums all the numbers in the list xs and return the total\r\n",
    "created": "2014-10-28T16:35:02.469Z",
    "modifier": 1,
    "comment": "",
    "level": 1,
    "function_name": "listsum"
  },
  "pk": 22
},
{
  "model": "tutor.archivequestion",
  "fields": {
    "archived": "2014-10-28T16:42:02.503Z",
    "version": 6,
    "creator": 2,
    "tags": "iteration, tip5, math, primes",
    "parent": 3,
    "solution": "def is_prime(n):\r\n    \r\n    if n == 2: return True\r\n    \r\n    for i in range(2, n):\r\n        if n % i == 0:\r\n            return False\r\n    return True\r\n            \r\n\r\n\r\n\r\n\r\n\r\n\r\n\r\n",
    "modified": "2014-10-28T16:42:02.503Z",
    "prompt": "Write a function called ``is_prime`` that takes a number and returns\r\n``True`` if it is prime and ``False`` if it isn't.\r\n\r\n\r\n\r\n\r\n\r\n\r\n\r\n\r\n\r\n",
    "created": "2014-10-28T16:42:02.503Z",
    "modifier": 1,
    "comment": "",
    "level": 1,
    "function_name": "is_prime"
  },
  "pk": 23
},
{
  "model": "tutor.archivequestion",
  "fields": {
    "archived": "2014-10-28T16:55:57.486Z",
    "version": 7,
    "creator": 2,
    "tags": "iteration, tip5, math, primes",
    "parent": 3,
    "solution": "def is_prime(n):\r\n    \r\n    if n == 2: return True\r\n    \r\n    for i in range(2, Math.sqrt(n)):\r\n        if n % i == 0:\r\n            return False\r\n    return True\r\n            \r\n\r\n\r\n\r\n\r\n\r\n\r\n\r\n",
    "modified": "2014-10-28T16:55:57.486Z",
    "prompt": "Write a function called ``is_prime`` that takes a number and returns\r\n``True`` if it is prime and ``False`` if it isn't.\r\n\r\n\r\n\r\n\r\n\r\n\r\n\r\n\r\n\r\n",
    "created": "2014-10-28T16:55:57.486Z",
    "modifier": 1,
    "comment": "",
    "level": 1,
    "function_name": "is_prime"
  },
  "pk": 24
},
{
  "model": "tutor.archivequestion",
  "fields": {
    "archived": "2014-10-28T16:56:31.259Z",
    "version": 8,
    "creator": 2,
    "tags": "iteration, tip5, math, primes",
    "parent": 3,
    "solution": "def is_prime(n):\r\n    \r\n    if n == 2: return True\r\n    \r\n    for i in range(2, n**.5):\r\n        if n % i == 0:\r\n            return False\r\n    return True\r\n            \r\n\r\n\r\n\r\n\r\n\r\n\r\n\r\n",
    "modified": "2014-10-28T16:56:31.259Z",
    "prompt": "Write a function called ``is_prime`` that takes a number and returns\r\n``True`` if it is prime and ``False`` if it isn't.\r\n\r\n\r\n\r\n\r\n\r\n\r\n\r\n\r\n\r\n",
    "created": "2014-10-28T16:56:31.259Z",
    "modifier": 1,
    "comment": "",
    "level": 1,
    "function_name": "is_prime"
  },
  "pk": 25
},
{
  "model": "tutor.archivequestion",
  "fields": {
    "archived": "2014-10-28T16:56:57.401Z",
    "version": 9,
    "creator": 2,
    "tags": "iteration, tip5, math, primes",
    "parent": 3,
    "solution": "def is_prime(n):\r\n    \r\n    if n == 2: return True\r\n    \r\n    for i in range(2, int(n**.5)):\r\n        if n % i == 0:\r\n            return False\r\n    return True\r\n            \r\n\r\n\r\n\r\n\r\n\r\n\r\n\r\n",
    "modified": "2014-10-28T16:56:57.401Z",
    "prompt": "Write a function called ``is_prime`` that takes a number and returns\r\n``True`` if it is prime and ``False`` if it isn't.\r\n\r\n\r\n\r\n\r\n\r\n\r\n\r\n\r\n\r\n",
    "created": "2014-10-28T16:56:57.401Z",
    "modifier": 1,
    "comment": "",
    "level": 1,
    "function_name": "is_prime"
  },
  "pk": 26
},
{
  "model": "tutor.archivequestion",
  "fields": {
    "archived": "2014-10-28T16:58:23.425Z",
    "version": 10,
    "creator": 2,
    "tags": "iteration, tip5, math, primes",
    "parent": 3,
    "solution": "\r\ndef is_prime(n):\r\n    \r\n    if n == 2: return True\r\n    \r\n    for i in range(2, int(math.sqrt(n))):\r\n        if n % i == 0:\r\n            return False\r\n    return True\r\n            \r\n\r\n\r\n\r\n\r\n\r\n\r\n\r\n",
    "modified": "2014-10-28T16:58:23.425Z",
    "prompt": "Write a function called ``is_prime`` that takes a number and returns\r\n``True`` if it is prime and ``False`` if it isn't.\r\n\r\n\r\n\r\n\r\n\r\n\r\n\r\n\r\n\r\n",
    "created": "2014-10-28T16:58:23.425Z",
    "modifier": 1,
    "comment": "",
    "level": 1,
    "function_name": "is_prime"
  },
  "pk": 27
},
{
  "model": "tutor.archivequestion",
  "fields": {
    "archived": "2014-10-28T16:58:35.387Z",
    "version": 11,
    "creator": 2,
    "tags": "iteration, tip5, math, primes",
    "parent": 3,
    "solution": "import math\r\n\r\ndef is_prime(n):\r\n    \r\n    if n == 2: return True\r\n    \r\n    for i in range(2, int(math.sqrt(n))):\r\n        if n % i == 0:\r\n            return False\r\n    return True\r\n            \r\n\r\n\r\n\r\n\r\n\r\n\r\n\r\n",
    "modified": "2014-10-28T16:58:35.387Z",
    "prompt": "Write a function called ``is_prime`` that takes a number and returns\r\n``True`` if it is prime and ``False`` if it isn't.\r\n\r\n\r\n\r\n\r\n\r\n\r\n\r\n\r\n\r\n",
    "created": "2014-10-28T16:58:35.387Z",
    "modifier": 1,
    "comment": "",
    "level": 1,
    "function_name": "is_prime"
  },
  "pk": 28
},
{
  "model": "tutor.archivequestion",
  "fields": {
    "archived": "2014-10-28T16:58:52.984Z",
    "version": 12,
    "creator": 2,
    "tags": "iteration, tip5, math, primes",
    "parent": 3,
    "solution": "import math\r\n\r\ndef is_prime(n):\r\n    \r\n    if n == 2: return True\r\n    \r\n    for i in range(2, int(math.ceiling(math.sqrt(n)))):\r\n        if n % i == 0:\r\n            return False\r\n    return True\r\n            \r\n\r\n\r\n\r\n\r\n\r\n\r\n\r\n",
    "modified": "2014-10-28T16:58:52.984Z",
    "prompt": "Write a function called ``is_prime`` that takes a number and returns\r\n``True`` if it is prime and ``False`` if it isn't.\r\n\r\n\r\n\r\n\r\n\r\n\r\n\r\n\r\n\r\n",
    "created": "2014-10-28T16:58:52.984Z",
    "modifier": 1,
    "comment": "",
    "level": 1,
    "function_name": "is_prime"
  },
  "pk": 29
},
{
  "model": "tutor.archivequestion",
  "fields": {
    "archived": "2014-10-28T16:59:02.762Z",
    "version": 13,
    "creator": 2,
    "tags": "iteration, tip5, math, primes",
    "parent": 3,
    "solution": "import math\r\n\r\ndef is_prime(n):\r\n    \r\n    if n == 2: return True\r\n    \r\n    for i in range(2, int(math.ceil(math.sqrt(n)))):\r\n        if n % i == 0:\r\n            return False\r\n    return True\r\n            \r\n\r\n\r\n\r\n\r\n\r\n\r\n\r\n",
    "modified": "2014-10-28T16:59:02.761Z",
    "prompt": "Write a function called ``is_prime`` that takes a number and returns\r\n``True`` if it is prime and ``False`` if it isn't.\r\n\r\n\r\n\r\n\r\n\r\n\r\n\r\n\r\n\r\n",
    "created": "2014-10-28T16:59:02.762Z",
    "modifier": 1,
    "comment": "",
    "level": 1,
    "function_name": "is_prime"
  },
  "pk": 30
},
{
  "model": "tutor.archivequestion",
  "fields": {
    "archived": "2014-10-28T16:59:34.761Z",
    "version": 14,
    "creator": 2,
    "tags": "iteration, tip5, math, primes",
    "parent": 3,
    "solution": "import math\r\n\r\ndef is_prime(n):\r\n    \r\n    if n == 2: return True\r\n    \r\n    for i in range(2, n):\r\n        if n % i == 0:\r\n            return False\r\n    return True\r\n            \r\n\r\n\r\n\r\n\r\n\r\n\r\n\r\n",
    "modified": "2014-10-28T16:59:34.761Z",
    "prompt": "Write a function called ``is_prime`` that takes a number and returns\r\n``True`` if it is prime and ``False`` if it isn't.\r\n\r\n\r\n\r\n\r\n\r\n\r\n\r\n\r\n\r\n",
    "created": "2014-10-28T16:59:34.761Z",
    "modifier": 1,
    "comment": "",
    "level": 1,
    "function_name": "is_prime"
  },
  "pk": 31
},
{
  "model": "tutor.archivequestion",
  "fields": {
    "archived": "2014-10-28T16:59:46.646Z",
    "version": 15,
    "creator": 2,
    "tags": "iteration, tip5, math, primes",
    "parent": 3,
    "solution": "\r\ndef is_prime(n):\r\n    \r\n    if n == 2: return True\r\n    \r\n    for i in range(2, n):\r\n        if n % i == 0:\r\n            return False\r\n    return True\r\n            \r\n\r\n\r\n\r\n\r\n\r\n\r\n\r\n",
    "modified": "2014-10-28T16:59:46.645Z",
    "prompt": "Write a function called ``is_prime`` that takes a number and returns\r\n``True`` if it is prime and ``False`` if it isn't.\r\n\r\n\r\n\r\n\r\n\r\n\r\n\r\n\r\n\r\n",
    "created": "2014-10-28T16:59:46.645Z",
    "modifier": 1,
    "comment": "",
    "level": 1,
    "function_name": "is_prime"
  },
  "pk": 32
},
{
  "model": "tutor.archivequestion",
  "fields": {
    "archived": "2014-10-28T17:16:01.994Z",
    "version": 4,
    "creator": 2,
    "tags": "iteration, tip5, math",
    "parent": 5,
    "solution": "def sum_of_squares(t):\r\n    total = [i**2 for i in range(t)]\r\n    return sum(total)\r\n\r\n\r\n\r\n\r\n",
    "modified": "2014-10-28T17:16:01.994Z",
    "prompt": "Write a function ``called sum_of_squares`` that computes the sum of the square of the numbers in a list.\r\n\r\nFor example, if list x = [2,3,4], it should return 4+9+16 which is 29\r\nHint: use the built-in python function ``sum`` to make things easy on yourself.\r\n\r\n\r\n\r\n\r\n\r\n",
    "created": "2014-10-28T17:16:01.994Z",
    "modifier": 1,
    "comment": "",
    "level": 1,
    "function_name": "sum_of_squares"
  },
  "pk": 33
},
{
  "model": "tutor.archivequestion",
  "fields": {
    "archived": "2014-10-28T17:16:51.347Z",
    "version": 5,
    "creator": 2,
    "tags": "iteration, tip5, math",
    "parent": 5,
    "solution": "def sum_of_squares(t):\r\n    return sum([i**2 for i in t])\r\n\r\n\r\n\r\n\r\n",
    "modified": "2014-10-28T17:16:51.347Z",
    "prompt": "Write a function ``called sum_of_squares`` that computes the sum of the square of the numbers in a list.\r\n\r\nFor example, if list x = [2,3,4], it should return 4+9+16 which is 29\r\nHint: use the built-in python function ``sum`` to make things easy on yourself.\r\n\r\n\r\n\r\n\r\n\r\n",
    "created": "2014-10-28T17:16:51.347Z",
    "modifier": 1,
    "comment": "",
    "level": 1,
    "function_name": "sum_of_squares"
  },
  "pk": 34
},
{
  "model": "tutor.archivequestion",
  "fields": {
    "archived": "2014-10-28T17:18:29.169Z",
    "version": 4,
    "creator": 1,
    "tags": "functions, tip4, math, pi",
    "parent": 2,
    "solution": "def area_of_circle(r):\r\n    return 3.14159 * r**2\r\n\r\n\r\n\r\n\r\n\r\n",
    "modified": "2014-10-28T17:18:29.169Z",
    "prompt": "Write a function ``area_of_circle(r)`` which returns the area of a circle of radius r.\r\n(Hint: if you can\u2019t remember how to find the area of a circle, look it up or ask a friend.)\r\n(Hint 2: use **3.14159** as the value for pi, to make sure your values match the\r\ntest casses.)\r\n\r\n\r\n\r\n",
    "created": "2014-10-28T17:18:29.169Z",
    "modifier": 1,
    "comment": "",
    "level": 1,
    "function_name": "area_of_circle"
  },
  "pk": 35
},
{
  "model": "tutor.archivequestion",
  "fields": {
    "archived": "2014-10-28T17:19:16.660Z",
    "version": 5,
    "creator": 1,
    "tags": "functions, tip4, math, pi",
    "parent": 2,
    "solution": "def area_of_circle(r):\r\n    return 3.14159 * r**2\r\n\r\n\r\n\r\n\r\n\r\n",
    "modified": "2014-10-28T17:19:16.660Z",
    "prompt": "Write a function ``area_of_circle(r)`` which returns the area of a circle of radius r.\r\n(Hint: if you can\u2019t remember how to find the area of a circle, look it up or ask a friend.)\r\n(Hint 2: use **3.14159** as the value for pi, to make sure your values match the\r\ntest casses.)\r\n\r\n\r\n\r\n",
    "created": "2014-10-28T17:19:16.660Z",
    "modifier": 1,
    "comment": "",
    "level": 1,
    "function_name": "area_of_circle"
  },
  "pk": 36
},
{
  "model": "tutor.archivequestion",
  "fields": {
    "archived": "2014-10-29T19:15:09.154Z",
    "version": 1,
    "creator": 1,
    "tags": "",
    "parent": 9,
    "solution": "def longer_word(s1,s2):\r\n    if len(s2) > len(s1):\r\n        return s2\r\n    return s1",
    "modified": "2014-10-29T19:15:09.154Z",
    "prompt": "Write a function that returns the longer of two words, or the first word if they are the same length.",
    "created": "2014-10-29T19:15:09.154Z",
    "modifier": 1,
    "comment": "",
    "level": 2,
    "function_name": "longer_word"
  },
  "pk": 37
},
{
  "model": "tutor.archivequestion",
  "fields": {
    "archived": "2014-10-30T02:20:05.320Z",
    "version": 6,
    "creator": 1,
    "tags": "functions, tip4, math, pi",
    "parent": 2,
    "solution": "def area_of_circle(r):\r\n    return 3.14159 * r**2\r\n\r\n\r\n\r\n\r\n\r\n",
    "modified": "2014-10-30T02:20:05.320Z",
    "prompt": "Write a function ``area_of_circle(r)`` which returns the area of a circle of radius r.\r\n\r\n(Hint: if you can\u2019t remember how to find the area of a circle, look it up or ask a friend.)\r\n\r\n(Hint 2: use **3.14159** as the value for pi, to make sure your values match the\r\ntest casses.)\r\n\r\n",
    "created": "2014-10-30T02:20:05.320Z",
    "modifier": 1,
    "comment": "",
    "level": 1,
    "function_name": "area_of_circle"
  },
  "pk": 38
},
{
  "model": "tutor.archivequestion",
  "fields": {
    "archived": "2014-10-30T13:03:00.434Z",
    "version": 6,
    "creator": 2,
    "tags": "iteration, tip5, math",
    "parent": 5,
    "solution": "def sum_of_squares(t):\r\n    return sum([i**2 for i in t])\r\n\r\n\r\n\r\n\r\n",
    "modified": "2014-10-30T13:03:00.434Z",
    "prompt": "Write a function ``called sum_of_squares`` that computes the sum of the square \r\nof the numbers in a list.\r\n\r\nFor example, if list x = [2,3,4], it should return 4+9+16 which is 29\r\nHint: use the built-in python function ``sum`` to make things easy on yourself.\r\n\r\n\r\n\r\n\r\n\r\n",
    "created": "2014-10-30T13:03:00.434Z",
    "modifier": 1,
    "comment": "",
    "level": 2,
    "function_name": "sum_of_squares"
  },
  "pk": 39
},
{
  "model": "tutor.archivequestion",
  "fields": {
    "archived": "2014-10-30T13:03:13.977Z",
    "version": 7,
    "creator": 2,
    "tags": "iteration, tip5, math",
    "parent": 5,
    "solution": "def sum_of_squares(t):\r\n    return sum([i**2 for i in t])\r\n\r\n\r\n\r\n\r\n",
    "modified": "2014-10-30T13:03:13.977Z",
    "prompt": "Write a function ``called sum_of_squares`` that computes the sum of the square \r\nof the numbers in a list.\r\n\r\nFor example, if list x = [2,3,4], it should return 4+9+16 which is 29\r\nHint: use the built-in python function ``sum`` to make things easy on yourself.\r\n\r\n\r\n\r\n\r\n\r\n",
    "created": "2014-10-30T13:03:13.977Z",
    "modifier": 1,
    "comment": "",
    "level": 3,
    "function_name": "sum_of_squares"
  },
  "pk": 40
},
{
  "model": "tutor.response",
  "fields": {
    "user": 3,
    "attempt": 1,
    "code": "# write a function called is_prime\r\ndef is_prime(foo):\r\n    if (foo is 0) or (foo is 1):\r\n        return False\r\n    else:\r\n        for a in range(2,foo):\r\n            if (foo%a == 0):\r\n                return False\r\n    return True\r\n        ",
    "is_correct": true,
    "question": 3,
    "submitted": "2014-10-16T14:28:14.099Z"
  },
  "pk": 1
},
{
  "model": "tutor.response",
  "fields": {
    "user": 3,
    "attempt": 1,
    "code": "# write a function called sum_of_squares\r\n\r\n\r\n",
    "is_correct": false,
    "question": 5,
    "submitted": "2014-10-16T14:37:04.351Z"
  },
  "pk": 2
},
{
  "model": "tutor.response",
  "fields": {
    "user": 2,
    "attempt": 1,
    "code": "# write a function called area_of_circle\r\n\r\ndef area_of_circle(r):\r\n    return 2*3.14(r)\r\n",
    "is_correct": false,
    "question": 2,
    "submitted": "2014-10-24T00:42:24.661Z"
  },
  "pk": 3
},
{
  "model": "tutor.response",
  "fields": {
    "user": 2,
    "attempt": 2,
    "code": "# write a function called area_of_circle\r\n\r\ndef area_of_circle(r):\r\n    return (2* 3.14159)(r)   \r\n",
    "is_correct": false,
    "question": 2,
    "submitted": "2014-10-24T00:46:06.215Z"
  },
  "pk": 4
},
{
  "model": "tutor.response",
  "fields": {
    "user": 2,
    "attempt": 3,
    "code": "# write a function called area_of_circle\r\ndef area_of_circle(r):\r\n    return  (3.14159(r)) ** 2\r\n\r\n",
    "is_correct": false,
    "question": 2,
    "submitted": "2014-10-24T00:55:10.595Z"
  },
  "pk": 5
},
{
  "model": "tutor.response",
  "fields": {
    "user": 2,
    "attempt": 4,
    "code": "# write a function called area_of_circle\r\n\r\ndef area_of_circle(r):\r\n    return r**2 *  3.14159\r\n",
    "is_correct": true,
    "question": 2,
    "submitted": "2014-10-24T00:56:49.182Z"
  },
  "pk": 6
},
{
  "model": "tutor.response",
  "fields": {
    "user": 1,
    "attempt": 1,
    "code": "# write a function called listsum\r\n\r\n\r\ndef listsum(t):\r\n    return sum(t)",
    "is_correct": true,
    "question": 1,
    "submitted": "2014-10-28T16:35:28.021Z"
  },
  "pk": 7
},
{
  "model": "tutor.response",
  "fields": {
    "user": 1,
    "attempt": 1,
    "code": "# write a function called hello\r\n\r\ndef hello(name)\r\n    return \"hello, \" + name\r\n",
    "is_correct": true,
    "question": 8,
    "submitted": "2014-10-28T16:36:15.138Z"
  },
  "pk": 8
},
{
  "model": "tutor.response",
  "fields": {
    "user": 1,
    "attempt": 1,
    "code": "# write a function called half\r\n\r\ndef half(n):\r\n    return n/2\r\n",
    "is_correct": true,
    "question": 4,
    "submitted": "2014-10-28T16:37:02.163Z"
  },
  "pk": 9
},
{
  "model": "tutor.response",
  "fields": {
    "user": 1,
    "attempt": 2,
    "code": "# write a function called half\r\n\r\ndef half(n):\r\n    return n/2\r\n",
    "is_correct": true,
    "question": 4,
    "submitted": "2014-10-28T16:38:46.037Z"
  },
  "pk": 10
},
{
  "model": "tutor.response",
  "fields": {
    "user": 1,
    "attempt": 3,
    "code": "# write a function called half\r\n\r\n\r\n",
    "is_correct": true,
    "question": 4,
    "submitted": "2014-10-28T18:36:10.101Z"
  },
  "pk": 11
},
{
  "model": "tutor.response",
  "fields": {
    "user": 1,
    "attempt": 4,
    "code": "# write a function called half\r\n\r\n\r\n",
    "is_correct": true,
    "question": 4,
    "submitted": "2014-10-28T18:56:57.694Z"
  },
  "pk": 12
},
{
  "model": "tutor.response",
  "fields": {
    "user": 1,
    "attempt": 5,
    "code": "# write a function called half\r\n\r\n\r\n",
    "is_correct": true,
    "question": 4,
    "submitted": "2014-10-28T18:57:25.295Z"
  },
  "pk": 13
},
{
  "model": "tutor.response",
  "fields": {
    "user": 1,
    "attempt": 6,
    "code": "# write a function called half\r\n\r\n\r\n",
    "is_correct": true,
    "question": 4,
    "submitted": "2014-10-28T18:57:43.364Z"
  },
  "pk": 14
},
{
  "model": "tutor.response",
  "fields": {
    "user": 1,
    "attempt": 7,
    "code": "# write a function called half\r\n\r\n\r\n",
    "is_correct": true,
    "question": 4,
    "submitted": "2014-10-28T18:58:57.896Z"
  },
  "pk": 15
},
{
  "model": "tutor.response",
  "fields": {
    "user": 1,
    "attempt": 8,
    "code": "# write a function called half\r\n\r\n\r\n",
    "is_correct": true,
    "question": 4,
    "submitted": "2014-10-28T18:59:16.481Z"
  },
  "pk": 16
},
{
  "model": "tutor.response",
  "fields": {
    "user": 1,
    "attempt": 9,
    "code": "# write a function called half\r\n\r\n\r\n",
    "is_correct": true,
    "question": 4,
    "submitted": "2014-10-28T19:02:06.739Z"
  },
  "pk": 17
},
{
  "model": "tutor.response",
  "fields": {
    "user": 1,
    "attempt": 10,
    "code": "# write a function called half\r\n\r\n\r\n",
    "is_correct": true,
    "question": 4,
    "submitted": "2014-10-28T19:02:36.126Z"
  },
  "pk": 18
},
{
  "model": "tutor.response",
  "fields": {
    "user": 1,
    "attempt": 1,
    "code": "# write a function called sum_of_squares\r\n\r\ndef sum_of_squares(t):\r\n    total = 0\r\n    for number in t:\r\n        sq = number * number\r\n        total = total + sq\r\n    \r\n    return totalz\r\n    \r\n\r\n",
    "is_correct": true,
    "question": 5,
    "submitted": "2014-10-29T23:28:00.165Z"
  },
  "pk": 19
}
]
