[
{
    "model": "auth.user",
    "pk": 1,
    "fields": {
        "user_permissions": [],
        "last_login": "2014-10-30T12:57:53.651Z",
        "is_active": true,
        "password": "pbkdf2_sha256$12000$sd1BXc3cofi7$/tMD8pbtfdyqqsSv5Lwra3itJghgW2A1FI2xmKlFosE=",
        "groups": [],
        "username": "mxc",
        "email": "",
        "last_name": "",
        "is_superuser": false,
        "first_name": "",
        "date_joined": "2014-10-16T01:18:01.262Z",
        "is_staff": false
    }
},
{
    "model": "auth.user",
    "pk": 2,
    "fields": {
        "user_permissions": [],
        "last_login": "2014-10-27T16:19:45.906Z",
        "is_active": true,
        "password": "pbkdf2_sha256$12000$Zpg5KZ9LV0Yg$CPbPAmsS27z733aJuXLbYj5rVHkNoU+IsSvF9aPp9kw=",
        "groups": [],
        "username": "katy",
        "email": "",
        "last_name": "",
        "is_superuser": false,
        "first_name": "",
        "date_joined": "2014-10-16T01:21:15.489Z",
        "is_staff": false
    }
},
{
    "model": "auth.user",
    "pk": 3,
    "fields": {
        "user_permissions": [],
        "last_login": "2014-10-16T14:20:56.708Z",
        "is_active": true,
        "password": "pbkdf2_sha256$12000$sIDrSu6HdFI9$lez6gzH7DMLErN/9q2y9mfZinxTFsNqKuz0QahkYhG8=",
        "groups": [],
        "username": "davidf",
        "email": "",
        "last_name": "",
        "is_superuser": false,
        "first_name": "",
        "date_joined": "2014-10-16T14:20:56.346Z",
        "is_staff": false
    }
},
{
    "model": "tutor.question",
    "pk": 1,
    "fields": {
        "tags": "iteration, tip5, ",
        "comment": "",
        "function_name": "listsum",
        "solution": "\r\ndef listsum(xs):\r\n    \r\n    running_total = 0\r\n    for x in xs:\r\n        running_total = running_total + x\r\n    return running_total\r\n",
        "created": "2014-10-16T01:28:12.096Z",
        "level": 1,
        "prompt": "Create a function that sums all the numbers in the list xs and return the total\r\n",
        "modified": "2014-10-31T03:04:09.206Z",
        "version": 2,
        "modifier": 1,
        "creator": 2,
        "status": 2
    }
},
{
    "model": "tutor.question",
    "pk": 2,
    "fields": {
        "tags": "functions, tip4, math, pi",
        "comment": "",
        "function_name": "area_of_circle",
        "solution": "def area_of_circle(r):\r\n    return 3.14159 * r**2\r\n\r\n\r\n\r\n\r\n\r\n",
        "created": "2014-10-16T01:30:21.580Z",
        "level": 1,
        "prompt": "Write a function ``area_of_circle(r)`` which returns the area of a circle of radius r.\r\n\r\n(Hint: if you can\u2019t remember how to find the area of a circle, look it up or ask a friend.)\r\n\r\n(Hint 2: use **3.14159** as the value for pi, to make sure your values match the\r\ntest casses.)\r\n\r\n",
        "modified": "2014-10-31T03:04:09.209Z",
        "version": 6,
        "modifier": 1,
        "creator": 1,
        "status": 2
    }
},
{
    "model": "tutor.question",
    "pk": 3,
    "fields": {
        "tags": "iteration, tip5, math, primes",
        "comment": "",
        "function_name": "is_prime",
        "solution": "\r\ndef is_prime(n):\r\n    \r\n    if n == 2: return True\r\n    \r\n    for i in range(2, n):\r\n        if n % i == 0:\r\n            return False\r\n    return True\r\n            \r\n\r\n\r\n\r\n\r\n\r\n\r\n\r\n",
        "created": "2014-10-16T01:36:05.886Z",
        "level": 1,
        "prompt": "Write a function called ``is_prime`` that takes a number and returns\r\n``True`` if it is prime and ``False`` if it isn't.\r\n\r\n\r\n\r\n\r\n\r\n\r\n\r\n\r\n\r\n",
        "modified": "2014-10-31T03:04:09.231Z",
        "version": 15,
        "modifier": 1,
        "creator": 2,
        "status": 2
    }
},
{
    "model": "tutor.question",
    "pk": 4,
    "fields": {
        "tags": "functions, tip4",
        "comment": "",
        "function_name": "half",
        "solution": "def half(n): return n/2\r\n",
        "created": "2014-10-16T01:47:20.262Z",
        "level": 1,
        "prompt": "Write a function ``half(n)`` which divides n by 2 and returns the result.\r\n\r\n",
        "modified": "2014-10-31T03:04:09.234Z",
        "version": 1,
        "modifier": 1,
        "creator": 1,
        "status": 2
    }
},
{
    "model": "tutor.question",
    "pk": 5,
    "fields": {
        "tags": "iteration, tip5, math",
        "comment": "",
        "function_name": "sum_of_squares",
        "solution": "def sum_of_squares(t):\r\n    return sum([i**2 for i in t])\r\n\r\n\r\n\r\n\r\n",
        "created": "2014-10-16T01:49:54.476Z",
        "level": 3,
        "prompt": "Write a function ``called sum_of_squares`` that computes the sum of the square \r\nof the numbers in a list.\r\n\r\nFor example, if list x = [2,3,4], it should return 4+9+16 which is 29\r\nHint: use the built-in python function ``sum`` to make things easy on yourself.\r\n\r\n\r\n\r\n\r\n\r\n",
        "modified": "2014-10-31T03:04:09.236Z",
        "version": 7,
        "modifier": 1,
        "creator": 2,
        "status": 2
    }
},
{
    "model": "tutor.question",
    "pk": 6,
    "fields": {
        "tags": "functions, tip4",
        "comment": "",
        "function_name": "triple",
        "solution": "def triple(n): return n * 3\r\n",
        "created": "2014-10-16T01:50:49.562Z",
        "level": 1,
        "prompt": "Write a function ``triple(n)`` which multiplies n times 3 and returns the result.\r\n\r\n",
        "modified": "2014-10-31T03:04:09.238Z",
        "version": 1,
        "modifier": 1,
        "creator": 1,
        "status": 2
    }
},
{
    "model": "tutor.question",
    "pk": 7,
    "fields": {
        "tags": "functions, tip4",
        "comment": "",
        "function_name": "how_old",
        "solution": "def how_old(yob, year): return year - yob\r\n",
        "created": "2014-10-16T13:21:53.990Z",
        "level": 1,
        "prompt": "Write a function ``how_old(yob, year)`` which determines who old a person will be if they where born in yob at  the end of ``year``.\r\n\r\n",
        "modified": "2014-10-31T03:04:09.240Z",
        "version": 1,
        "modifier": 1,
        "creator": 1,
        "status": 2
    }
},
{
    "model": "tutor.question",
    "pk": 8,
    "fields": {
        "tags": "tip4, strings, return",
        "comment": "",
        "function_name": "hello",
        "solution": "def hello(name): \r\n    return \"hello, \" + name\r\n",
        "created": "2014-10-22T19:13:42.651Z",
        "level": 1,
        "prompt": "Write a function ``hello(name)`` which returns a ``String`` in the format of Hello, <name>. For example:\r\n``hello(\"matt\")`` returns the String 'hello, matt'.\r\n\r\n",
        "modified": "2014-10-31T03:24:26.311Z",
        "version": 5,
        "modifier": 1,
        "creator": 1,
        "status": 2
    }
},
{
    "model": "tutor.question",
    "pk": 9,
    "fields": {
        "tags": "",
        "comment": "",
        "function_name": "longer_word",
        "solution": "def longer_word(s1,s2):\r\n    if len(s2) > len(s1):\r\n        return s2\r\n    return s1",
        "created": "2014-10-29T19:15:09.103Z",
        "level": 2,
        "prompt": "Write a function that returns the longer of two words, or the first word if they are the same length.",
        "modified": "2014-10-31T03:04:09.246Z",
        "version": 1,
        "modifier": 1,
        "creator": 1,
        "status": 2
    }
},
{
    "model": "tutor.archivequestion",
    "pk": 1,
    "fields": {
        "archived": "2014-10-16T01:28:12.144Z",
        "tags": "iteration, tip5, ",
        "comment": "",
        "function_name": "listsum",
        "solution": "\r\ndef listsum(xs):\r\n    \r\n    running_total = 0\r\n    for x in xs:\r\n        running_total = running_total + x\r\n    return running_total\r\n",
        "created": "2014-10-16T01:28:12.144Z",
        "level": 1,
        "parent": 1,
        "prompt": "# Create a function that sums all the numbers in the list xs and return the total\r\n",
        "modified": "2014-10-16T01:28:12.144Z",
        "version": 1,
        "modifier": 2,
        "creator": 2
    }
},
{
    "model": "tutor.archivequestion",
    "pk": 2,
    "fields": {
        "archived": "2014-10-16T01:30:21.661Z",
        "tags": "functions, tip4, math, pi",
        "comment": "",
        "function_name": "area_of_circle",
        "solution": "def area_of_circle(r):\r\n    return 3.14159 * r * 2\r\n\r\n",
        "created": "2014-10-16T01:30:21.661Z",
        "level": 1,
        "parent": 2,
        "prompt": "\r\n\r\nWrite a function ``area_of_circle(r)`` which returns the area of a circle of radius r.\r\n(Hint: if you can\u2019t remember how to find the area of a circle, look it up or ask a friend.)\r\n(Hint 2: use 3.14159 as the value for pi)",
        "modified": "2014-10-16T01:30:21.661Z",
        "version": 1,
        "modifier": 1,
        "creator": 1
    }
},
{
    "model": "tutor.archivequestion",
    "pk": 3,
    "fields": {
        "archived": "2014-10-16T01:36:05.940Z",
        "tags": "iteration, tip5, math",
        "comment": "",
        "function_name": "is_prime",
        "solution": "def is_prime(n):\r\n    3 to n// if evenly divisible by \r\n    \r\n    for i in range(3, n):\r\n        if n % i == 0:\r\n            return False\r\n    return True\r\n            ",
        "created": "2014-10-16T01:36:05.940Z",
        "level": 1,
        "parent": 3,
        "prompt": "# write a function called is_prime that takes a number and returns True if it is prime and False if it isn't.\r\n\r\n",
        "modified": "2014-10-16T01:36:05.940Z",
        "version": 1,
        "modifier": 2,
        "creator": 2
    }
},
{
    "model": "tutor.archivequestion",
    "pk": 4,
    "fields": {
        "archived": "2014-10-16T01:36:54.949Z",
        "tags": "iteration, tip5, math",
        "comment": "",
        "function_name": "is_prime",
        "solution": "def is_prime(n):\r\n    \r\n    for i in range(3, n):\r\n        if n % i == 0:\r\n            return False\r\n    return True\r\n            \r\n\r\n",
        "created": "2014-10-16T01:36:54.949Z",
        "level": 1,
        "parent": 3,
        "prompt": "# write a function called is_prime that takes a number and returns True if it is prime and False if it isn't.\r\n\r\n\r\n\r\n",
        "modified": "2014-10-16T01:36:54.949Z",
        "version": 2,
        "modifier": 2,
        "creator": 2
    }
},
{
    "model": "tutor.archivequestion",
    "pk": 5,
    "fields": {
        "archived": "2014-10-16T01:39:23.334Z",
        "tags": "functions, tip4, math, pi",
        "comment": "",
        "function_name": "area_of_circle",
        "solution": "def area_of_circle(r):\r\n    return 3.14159 * r**2\r\n\r\n\r\n\r\n",
        "created": "2014-10-16T01:39:23.334Z",
        "level": 1,
        "parent": 2,
        "prompt": "\r\n\r\nWrite a function ``area_of_circle(r)`` which returns the area of a circle of radius r.\r\n(Hint: if you can\u2019t remember how to find the area of a circle, look it up or ask a friend.)\r\n(Hint 2: use 3.14159 as the value for pi)\r\n\r\n",
        "modified": "2014-10-16T01:39:23.334Z",
        "version": 2,
        "modifier": 1,
        "creator": 1
    }
},
{
    "model": "tutor.archivequestion",
    "pk": 6,
    "fields": {
        "archived": "2014-10-16T01:40:39.306Z",
        "tags": "functions, tip4, math, pi",
        "comment": "",
        "function_name": "area_of_circle",
        "solution": "def area_of_circle(r):\r\n    return 3.14159 * r**2\r\n\r\n\r\n\r\n\r\n\r\n",
        "created": "2014-10-16T01:40:39.306Z",
        "level": 1,
        "parent": 2,
        "prompt": "Write a function ``area_of_circle(r)`` which returns the area of a circle of radius r.\r\n(Hint: if you can\u2019t remember how to find the area of a circle, look it up or ask a friend.)\r\n(Hint 2: use 3.14159 as the value for pi)\r\n\r\n\r\n\r\n",
        "modified": "2014-10-16T01:40:39.306Z",
        "version": 3,
        "modifier": 1,
        "creator": 1
    }
},
{
    "model": "tutor.archivequestion",
    "pk": 7,
    "fields": {
        "archived": "2014-10-16T01:42:52.024Z",
        "tags": "iteration, tip5, math",
        "comment": "",
        "function_name": "is_prime",
        "solution": "def is_prime(n):\r\n    \r\n    if n == 2: return True\r\n    \r\n    for i in range(2, n):\r\n        if n % i == 0:\r\n            return False\r\n    return True\r\n            \r\n\r\n\r\n\r\n",
        "created": "2014-10-16T01:42:52.024Z",
        "level": 1,
        "parent": 3,
        "prompt": "# write a function called is_prime that takes a number and returns True if it is prime and False if it isn't.\r\n\r\n\r\n\r\n\r\n\r\n",
        "modified": "2014-10-16T01:42:52.024Z",
        "version": 3,
        "modifier": 1,
        "creator": 2
    }
},
{
    "model": "tutor.archivequestion",
    "pk": 8,
    "fields": {
        "archived": "2014-10-16T01:44:16.190Z",
        "tags": "iteration, tip5, math",
        "comment": "",
        "function_name": "is_prime",
        "solution": "def is_prime(n):\r\n    \r\n    if n == 2: return True\r\n    \r\n    for i in range(2, n):\r\n        if n % i == 0:\r\n            return False\r\n    return True\r\n            \r\n\r\n\r\n\r\n\r\n\r\n",
        "created": "2014-10-16T01:44:16.190Z",
        "level": 1,
        "parent": 3,
        "prompt": "# write a function called is_prime that takes a number and returns True if it is prime and False if it isn't.\r\n\r\n\r\n\r\n\r\n\r\n\r\n\r\n",
        "modified": "2014-10-16T01:44:16.190Z",
        "version": 4,
        "modifier": 1,
        "creator": 2
    }
},
{
    "model": "tutor.archivequestion",
    "pk": 9,
    "fields": {
        "archived": "2014-10-16T01:44:24.816Z",
        "tags": "iteration, tip5, math, primes",
        "comment": "",
        "function_name": "is_prime",
        "solution": "def is_prime(n):\r\n    \r\n    if n == 2: return True\r\n    \r\n    for i in range(2, n):\r\n        if n % i == 0:\r\n            return False\r\n    return True\r\n            \r\n\r\n\r\n\r\n\r\n\r\n\r\n\r\n",
        "created": "2014-10-16T01:44:24.816Z",
        "level": 1,
        "parent": 3,
        "prompt": "# write a function called is_prime that takes a number and returns True if it is prime and False if it isn't.\r\n\r\n\r\n\r\n\r\n\r\n\r\n\r\n\r\n\r\n",
        "modified": "2014-10-16T01:44:24.816Z",
        "version": 5,
        "modifier": 1,
        "creator": 2
    }
},
{
    "model": "tutor.archivequestion",
    "pk": 10,
    "fields": {
        "archived": "2014-10-16T01:47:20.313Z",
        "tags": "functions, tip4",
        "comment": "",
        "function_name": "half",
        "solution": "def half(n): return n/2\r\n",
        "created": "2014-10-16T01:47:20.313Z",
        "level": 1,
        "parent": 4,
        "prompt": "Write a function ``half(n)`` which divides n by 2 and returns the result.\r\n\r\n",
        "modified": "2014-10-16T01:47:20.313Z",
        "version": 1,
        "modifier": 1,
        "creator": 1
    }
},
{
    "model": "tutor.archivequestion",
    "pk": 11,
    "fields": {
        "archived": "2014-10-16T01:49:54.529Z",
        "tags": "iteration, tip5, math",
        "comment": "",
        "function_name": "sum_of_squares",
        "solution": "def sum_of_squares(my_list)\r\n    for item in range(my_list):\r\n        item ** 2\r\n        total = sum(item)\r\n        return total\r\n",
        "created": "2014-10-16T01:49:54.529Z",
        "level": 1,
        "parent": 5,
        "prompt": "# write a function called sum_of_squares that computes the sum of the square of the numbers in a list\r\n# for example, if list x = [2,3,4], it should return 4+9+16 which is 29\r\n# use the built-in python function 'sum'\r\n\r\n",
        "modified": "2014-10-16T01:49:54.529Z",
        "version": 1,
        "modifier": 2,
        "creator": 2
    }
},
{
    "model": "tutor.archivequestion",
    "pk": 12,
    "fields": {
        "archived": "2014-10-16T01:50:49.634Z",
        "tags": "functions, tip4",
        "comment": "",
        "function_name": "triple",
        "solution": "def triple(n): return n * 3\r\n",
        "created": "2014-10-16T01:50:49.634Z",
        "level": 1,
        "parent": 6,
        "prompt": "Write a function ``triple(n)`` which multiplies n times 3 and returns the result.\r\n\r\n",
        "modified": "2014-10-16T01:50:49.634Z",
        "version": 1,
        "modifier": 1,
        "creator": 1
    }
},
{
    "model": "tutor.archivequestion",
    "pk": 13,
    "fields": {
        "archived": "2014-10-16T01:50:52.629Z",
        "tags": "iteration, tip5, math",
        "comment": "",
        "function_name": "sum_of_squares",
        "solution": "def sum_of_squares(my_list)\r\n    for item in range(my_list):\r\n        newitem = item ** 2\r\n        total = sum(newitem)\r\n        return total\r\n\r\n\r\n",
        "created": "2014-10-16T01:50:52.629Z",
        "level": 1,
        "parent": 5,
        "prompt": "# write a function called sum_of_squares that computes the sum of the square of the numbers in a list\r\n# for example, if list x = [2,3,4], it should return 4+9+16 which is 29\r\n# use the built-in python function 'sum'\r\n\r\n\r\n\r\n",
        "modified": "2014-10-16T01:50:52.629Z",
        "version": 2,
        "modifier": 2,
        "creator": 2
    }
},
{
    "model": "tutor.archivequestion",
    "pk": 14,
    "fields": {
        "archived": "2014-10-16T01:52:04.189Z",
        "tags": "iteration, tip5, math",
        "comment": "",
        "function_name": "sum_of_squares",
        "solution": "def sum_of_squares(my_list)\r\n    total = []\r\n    my_list = range(my_list):\r\n        for item in my_list:\r\n            item ** 2\r\n        total.append(item)\r\n        total = sum(newitem)\r\n        return total\r\n\r\n\r\n\r\n\r\n",
        "created": "2014-10-16T01:52:04.189Z",
        "level": 1,
        "parent": 5,
        "prompt": "# write a function called sum_of_squares that computes the sum of the square of the numbers in a list\r\n# for example, if list x = [2,3,4], it should return 4+9+16 which is 29\r\n# use the built-in python function 'sum'\r\n\r\n\r\n\r\n\r\n\r\n",
        "modified": "2014-10-16T01:52:04.189Z",
        "version": 3,
        "modifier": 2,
        "creator": 2
    }
},
{
    "model": "tutor.archivequestion",
    "pk": 15,
    "fields": {
        "archived": "2014-10-16T13:21:54.041Z",
        "tags": "functions, tip4",
        "comment": "",
        "function_name": "how_old",
        "solution": "def how_old(yob, year): return year - yob\r\n",
        "created": "2014-10-16T13:21:54.041Z",
        "level": 1,
        "parent": 7,
        "prompt": "Write a function ``how_old(yob, year)`` which determines who old a person will be if they where born in yob at  the end of ``year``.\r\n\r\n",
        "modified": "2014-10-16T13:21:54.041Z",
        "version": 1,
        "modifier": 1,
        "creator": 1
    }
},
{
    "model": "tutor.archivequestion",
    "pk": 16,
    "fields": {
        "archived": "2014-10-22T19:13:42.705Z",
        "tags": "tip4, strings, return",
        "comment": "",
        "function_name": "hellow",
        "solution": "def hello(name): return \"hello, \" + name\r\n",
        "created": "2014-10-22T19:13:42.705Z",
        "level": 1,
        "parent": 8,
        "prompt": "Write a function ``hello(name)`` which returns a ``String`` in the format of Hello, <name>. For example:\r\n``hello(\"matt\")`` returns the String 'hello, matt'.\r\n\r\n",
        "modified": "2014-10-22T19:13:42.705Z",
        "version": 1,
        "modifier": 1,
        "creator": 1
    }
},
{
    "model": "tutor.archivequestion",
    "pk": 18,
    "fields": {
        "archived": "2014-10-28T15:53:25.642Z",
        "tags": "tip4, strings, return",
        "comment": "",
        "function_name": "hello",
        "solution": "def hello(name): return \"hello, \" + name\r\n",
        "created": "2014-10-28T15:53:25.642Z",
        "level": 1,
        "parent": 8,
        "prompt": "Write a function ``hello(name)`` which returns a ``String`` in the format of Hello, <name>. For example:\r\n``hello(\"matt\")`` returns the String 'hello, matt'.\r\n\r\n",
        "modified": "2014-10-28T15:53:25.642Z",
        "version": 2,
        "modifier": 1,
        "creator": 1
    }
},
{
    "model": "tutor.archivequestion",
    "pk": 19,
    "fields": {
        "archived": "2014-10-28T15:57:46.628Z",
        "tags": "tip4, strings, return",
        "comment": "",
        "function_name": "hello",
        "solution": "def hello(name): \r\n    return \"hello, \" + name\r\n",
        "created": "2014-10-28T15:57:46.628Z",
        "level": 1,
        "parent": 8,
        "prompt": "Write a function ``hello(name)`` which returns a ``String`` in the format of Hello, <name>. For example:\r\n``hello(\"matt\")`` returns the String 'hello, matt'.\r\n\r\n",
        "modified": "2014-10-28T15:57:46.628Z",
        "version": 3,
        "modifier": 1,
        "creator": 1
    }
},
{
    "model": "tutor.archivequestion",
    "pk": 20,
    "fields": {
        "archived": "2014-10-28T15:59:30.450Z",
        "tags": "tip4, strings, return",
        "comment": "",
        "function_name": "hello",
        "solution": "def hello(name): \r\n    return \"hellao, \" + name\r\n",
        "created": "2014-10-28T15:59:30.450Z",
        "level": 1,
        "parent": 8,
        "prompt": "Write a function ``hello(name)`` which returns a ``String`` in the format of Hello, <name>. For example:\r\n``hello(\"matt\")`` returns the String 'hello, matt'.\r\n\r\n",
        "modified": "2014-10-28T15:59:30.450Z",
        "version": 4,
        "modifier": 1,
        "creator": 1
    }
},
{
    "model": "tutor.archivequestion",
    "pk": 21,
    "fields": {
        "archived": "2014-10-28T16:04:11.396Z",
        "tags": "tip4, strings, return",
        "comment": "",
        "function_name": "hello",
        "solution": "def hello(name): \r\n    return \"hello, \" + name\r\n",
        "created": "2014-10-28T16:04:11.396Z",
        "level": 1,
        "parent": 8,
        "prompt": "Write a function ``hello(name)`` which returns a ``String`` in the format of Hello, <name>. For example:\r\n``hello(\"matt\")`` returns the String 'hello, matt'.\r\n\r\n",
        "modified": "2014-10-28T16:04:11.396Z",
        "version": 5,
        "modifier": 1,
        "creator": 1
    }
},
{
    "model": "tutor.archivequestion",
    "pk": 22,
    "fields": {
        "archived": "2014-10-28T16:35:02.469Z",
        "tags": "iteration, tip5, ",
        "comment": "",
        "function_name": "listsum",
        "solution": "\r\ndef listsum(xs):\r\n    \r\n    running_total = 0\r\n    for x in xs:\r\n        running_total = running_total + x\r\n    return running_total\r\n",
        "created": "2014-10-28T16:35:02.469Z",
        "level": 1,
        "parent": 1,
        "prompt": "Create a function that sums all the numbers in the list xs and return the total\r\n",
        "modified": "2014-10-28T16:35:02.469Z",
        "version": 2,
        "modifier": 1,
        "creator": 2
    }
},
{
    "model": "tutor.archivequestion",
    "pk": 23,
    "fields": {
        "archived": "2014-10-28T16:42:02.503Z",
        "tags": "iteration, tip5, math, primes",
        "comment": "",
        "function_name": "is_prime",
        "solution": "def is_prime(n):\r\n    \r\n    if n == 2: return True\r\n    \r\n    for i in range(2, n):\r\n        if n % i == 0:\r\n            return False\r\n    return True\r\n            \r\n\r\n\r\n\r\n\r\n\r\n\r\n\r\n",
        "created": "2014-10-28T16:42:02.503Z",
        "level": 1,
        "parent": 3,
        "prompt": "Write a function called ``is_prime`` that takes a number and returns\r\n``True`` if it is prime and ``False`` if it isn't.\r\n\r\n\r\n\r\n\r\n\r\n\r\n\r\n\r\n\r\n",
        "modified": "2014-10-28T16:42:02.503Z",
        "version": 6,
        "modifier": 1,
        "creator": 2
    }
},
{
    "model": "tutor.archivequestion",
    "pk": 24,
    "fields": {
        "archived": "2014-10-28T16:55:57.486Z",
        "tags": "iteration, tip5, math, primes",
        "comment": "",
        "function_name": "is_prime",
        "solution": "def is_prime(n):\r\n    \r\n    if n == 2: return True\r\n    \r\n    for i in range(2, Math.sqrt(n)):\r\n        if n % i == 0:\r\n            return False\r\n    return True\r\n            \r\n\r\n\r\n\r\n\r\n\r\n\r\n\r\n",
        "created": "2014-10-28T16:55:57.486Z",
        "level": 1,
        "parent": 3,
        "prompt": "Write a function called ``is_prime`` that takes a number and returns\r\n``True`` if it is prime and ``False`` if it isn't.\r\n\r\n\r\n\r\n\r\n\r\n\r\n\r\n\r\n\r\n",
        "modified": "2014-10-28T16:55:57.486Z",
        "version": 7,
        "modifier": 1,
        "creator": 2
    }
},
{
    "model": "tutor.archivequestion",
    "pk": 25,
    "fields": {
        "archived": "2014-10-28T16:56:31.259Z",
        "tags": "iteration, tip5, math, primes",
        "comment": "",
        "function_name": "is_prime",
        "solution": "def is_prime(n):\r\n    \r\n    if n == 2: return True\r\n    \r\n    for i in range(2, n**.5):\r\n        if n % i == 0:\r\n            return False\r\n    return True\r\n            \r\n\r\n\r\n\r\n\r\n\r\n\r\n\r\n",
        "created": "2014-10-28T16:56:31.259Z",
        "level": 1,
        "parent": 3,
        "prompt": "Write a function called ``is_prime`` that takes a number and returns\r\n``True`` if it is prime and ``False`` if it isn't.\r\n\r\n\r\n\r\n\r\n\r\n\r\n\r\n\r\n\r\n",
        "modified": "2014-10-28T16:56:31.259Z",
        "version": 8,
        "modifier": 1,
        "creator": 2
    }
},
{
    "model": "tutor.archivequestion",
    "pk": 26,
    "fields": {
        "archived": "2014-10-28T16:56:57.401Z",
        "tags": "iteration, tip5, math, primes",
        "comment": "",
        "function_name": "is_prime",
        "solution": "def is_prime(n):\r\n    \r\n    if n == 2: return True\r\n    \r\n    for i in range(2, int(n**.5)):\r\n        if n % i == 0:\r\n            return False\r\n    return True\r\n            \r\n\r\n\r\n\r\n\r\n\r\n\r\n\r\n",
        "created": "2014-10-28T16:56:57.401Z",
        "level": 1,
        "parent": 3,
        "prompt": "Write a function called ``is_prime`` that takes a number and returns\r\n``True`` if it is prime and ``False`` if it isn't.\r\n\r\n\r\n\r\n\r\n\r\n\r\n\r\n\r\n\r\n",
        "modified": "2014-10-28T16:56:57.401Z",
        "version": 9,
        "modifier": 1,
        "creator": 2
    }
},
{
    "model": "tutor.archivequestion",
    "pk": 27,
    "fields": {
        "archived": "2014-10-28T16:58:23.425Z",
        "tags": "iteration, tip5, math, primes",
        "comment": "",
        "function_name": "is_prime",
        "solution": "\r\ndef is_prime(n):\r\n    \r\n    if n == 2: return True\r\n    \r\n    for i in range(2, int(math.sqrt(n))):\r\n        if n % i == 0:\r\n            return False\r\n    return True\r\n            \r\n\r\n\r\n\r\n\r\n\r\n\r\n\r\n",
        "created": "2014-10-28T16:58:23.425Z",
        "level": 1,
        "parent": 3,
        "prompt": "Write a function called ``is_prime`` that takes a number and returns\r\n``True`` if it is prime and ``False`` if it isn't.\r\n\r\n\r\n\r\n\r\n\r\n\r\n\r\n\r\n\r\n",
        "modified": "2014-10-28T16:58:23.425Z",
        "version": 10,
        "modifier": 1,
        "creator": 2
    }
},
{
    "model": "tutor.archivequestion",
    "pk": 28,
    "fields": {
        "archived": "2014-10-28T16:58:35.387Z",
        "tags": "iteration, tip5, math, primes",
        "comment": "",
        "function_name": "is_prime",
        "solution": "import math\r\n\r\ndef is_prime(n):\r\n    \r\n    if n == 2: return True\r\n    \r\n    for i in range(2, int(math.sqrt(n))):\r\n        if n % i == 0:\r\n            return False\r\n    return True\r\n            \r\n\r\n\r\n\r\n\r\n\r\n\r\n\r\n",
        "created": "2014-10-28T16:58:35.387Z",
        "level": 1,
        "parent": 3,
        "prompt": "Write a function called ``is_prime`` that takes a number and returns\r\n``True`` if it is prime and ``False`` if it isn't.\r\n\r\n\r\n\r\n\r\n\r\n\r\n\r\n\r\n\r\n",
        "modified": "2014-10-28T16:58:35.387Z",
        "version": 11,
        "modifier": 1,
        "creator": 2
    }
},
{
    "model": "tutor.archivequestion",
    "pk": 29,
    "fields": {
        "archived": "2014-10-28T16:58:52.984Z",
        "tags": "iteration, tip5, math, primes",
        "comment": "",
        "function_name": "is_prime",
        "solution": "import math\r\n\r\ndef is_prime(n):\r\n    \r\n    if n == 2: return True\r\n    \r\n    for i in range(2, int(math.ceiling(math.sqrt(n)))):\r\n        if n % i == 0:\r\n            return False\r\n    return True\r\n            \r\n\r\n\r\n\r\n\r\n\r\n\r\n\r\n",
        "created": "2014-10-28T16:58:52.984Z",
        "level": 1,
        "parent": 3,
        "prompt": "Write a function called ``is_prime`` that takes a number and returns\r\n``True`` if it is prime and ``False`` if it isn't.\r\n\r\n\r\n\r\n\r\n\r\n\r\n\r\n\r\n\r\n",
        "modified": "2014-10-28T16:58:52.984Z",
        "version": 12,
        "modifier": 1,
        "creator": 2
    }
},
{
    "model": "tutor.archivequestion",
    "pk": 30,
    "fields": {
        "archived": "2014-10-28T16:59:02.762Z",
        "tags": "iteration, tip5, math, primes",
        "comment": "",
        "function_name": "is_prime",
        "solution": "import math\r\n\r\ndef is_prime(n):\r\n    \r\n    if n == 2: return True\r\n    \r\n    for i in range(2, int(math.ceil(math.sqrt(n)))):\r\n        if n % i == 0:\r\n            return False\r\n    return True\r\n            \r\n\r\n\r\n\r\n\r\n\r\n\r\n\r\n",
        "created": "2014-10-28T16:59:02.762Z",
        "level": 1,
        "parent": 3,
        "prompt": "Write a function called ``is_prime`` that takes a number and returns\r\n``True`` if it is prime and ``False`` if it isn't.\r\n\r\n\r\n\r\n\r\n\r\n\r\n\r\n\r\n\r\n",
        "modified": "2014-10-28T16:59:02.761Z",
        "version": 13,
        "modifier": 1,
        "creator": 2
    }
},
{
    "model": "tutor.archivequestion",
    "pk": 31,
    "fields": {
        "archived": "2014-10-28T16:59:34.761Z",
        "tags": "iteration, tip5, math, primes",
        "comment": "",
        "function_name": "is_prime",
        "solution": "import math\r\n\r\ndef is_prime(n):\r\n    \r\n    if n == 2: return True\r\n    \r\n    for i in range(2, n):\r\n        if n % i == 0:\r\n            return False\r\n    return True\r\n            \r\n\r\n\r\n\r\n\r\n\r\n\r\n\r\n",
        "created": "2014-10-28T16:59:34.761Z",
        "level": 1,
        "parent": 3,
        "prompt": "Write a function called ``is_prime`` that takes a number and returns\r\n``True`` if it is prime and ``False`` if it isn't.\r\n\r\n\r\n\r\n\r\n\r\n\r\n\r\n\r\n\r\n",
        "modified": "2014-10-28T16:59:34.761Z",
        "version": 14,
        "modifier": 1,
        "creator": 2
    }
},
{
    "model": "tutor.archivequestion",
    "pk": 32,
    "fields": {
        "archived": "2014-10-28T16:59:46.646Z",
        "tags": "iteration, tip5, math, primes",
        "comment": "",
        "function_name": "is_prime",
        "solution": "\r\ndef is_prime(n):\r\n    \r\n    if n == 2: return True\r\n    \r\n    for i in range(2, n):\r\n        if n % i == 0:\r\n            return False\r\n    return True\r\n            \r\n\r\n\r\n\r\n\r\n\r\n\r\n\r\n",
        "created": "2014-10-28T16:59:46.645Z",
        "level": 1,
        "parent": 3,
        "prompt": "Write a function called ``is_prime`` that takes a number and returns\r\n``True`` if it is prime and ``False`` if it isn't.\r\n\r\n\r\n\r\n\r\n\r\n\r\n\r\n\r\n\r\n",
        "modified": "2014-10-28T16:59:46.645Z",
        "version": 15,
        "modifier": 1,
        "creator": 2
    }
},
{
    "model": "tutor.archivequestion",
    "pk": 33,
    "fields": {
        "archived": "2014-10-28T17:16:01.994Z",
        "tags": "iteration, tip5, math",
        "comment": "",
        "function_name": "sum_of_squares",
        "solution": "def sum_of_squares(t):\r\n    total = [i**2 for i in range(t)]\r\n    return sum(total)\r\n\r\n\r\n\r\n\r\n",
        "created": "2014-10-28T17:16:01.994Z",
        "level": 1,
        "parent": 5,
        "prompt": "Write a function ``called sum_of_squares`` that computes the sum of the square of the numbers in a list.\r\n\r\nFor example, if list x = [2,3,4], it should return 4+9+16 which is 29\r\nHint: use the built-in python function ``sum`` to make things easy on yourself.\r\n\r\n\r\n\r\n\r\n\r\n",
        "modified": "2014-10-28T17:16:01.994Z",
        "version": 4,
        "modifier": 1,
        "creator": 2
    }
},
{
    "model": "tutor.archivequestion",
    "pk": 34,
    "fields": {
        "archived": "2014-10-28T17:16:51.347Z",
        "tags": "iteration, tip5, math",
        "comment": "",
        "function_name": "sum_of_squares",
        "solution": "def sum_of_squares(t):\r\n    return sum([i**2 for i in t])\r\n\r\n\r\n\r\n\r\n",
        "created": "2014-10-28T17:16:51.347Z",
        "level": 1,
        "parent": 5,
        "prompt": "Write a function ``called sum_of_squares`` that computes the sum of the square of the numbers in a list.\r\n\r\nFor example, if list x = [2,3,4], it should return 4+9+16 which is 29\r\nHint: use the built-in python function ``sum`` to make things easy on yourself.\r\n\r\n\r\n\r\n\r\n\r\n",
        "modified": "2014-10-28T17:16:51.347Z",
        "version": 5,
        "modifier": 1,
        "creator": 2
    }
},
{
    "model": "tutor.archivequestion",
    "pk": 35,
    "fields": {
        "archived": "2014-10-28T17:18:29.169Z",
        "tags": "functions, tip4, math, pi",
        "comment": "",
        "function_name": "area_of_circle",
        "solution": "def area_of_circle(r):\r\n    return 3.14159 * r**2\r\n\r\n\r\n\r\n\r\n\r\n",
        "created": "2014-10-28T17:18:29.169Z",
        "level": 1,
        "parent": 2,
        "prompt": "Write a function ``area_of_circle(r)`` which returns the area of a circle of radius r.\r\n(Hint: if you can\u2019t remember how to find the area of a circle, look it up or ask a friend.)\r\n(Hint 2: use **3.14159** as the value for pi, to make sure your values match the\r\ntest casses.)\r\n\r\n\r\n\r\n",
        "modified": "2014-10-28T17:18:29.169Z",
        "version": 4,
        "modifier": 1,
        "creator": 1
    }
},
{
    "model": "tutor.archivequestion",
    "pk": 36,
    "fields": {
        "archived": "2014-10-28T17:19:16.660Z",
        "tags": "functions, tip4, math, pi",
        "comment": "",
        "function_name": "area_of_circle",
        "solution": "def area_of_circle(r):\r\n    return 3.14159 * r**2\r\n\r\n\r\n\r\n\r\n\r\n",
        "created": "2014-10-28T17:19:16.660Z",
        "level": 1,
        "parent": 2,
        "prompt": "Write a function ``area_of_circle(r)`` which returns the area of a circle of radius r.\r\n(Hint: if you can\u2019t remember how to find the area of a circle, look it up or ask a friend.)\r\n(Hint 2: use **3.14159** as the value for pi, to make sure your values match the\r\ntest casses.)\r\n\r\n\r\n\r\n",
        "modified": "2014-10-28T17:19:16.660Z",
        "version": 5,
        "modifier": 1,
        "creator": 1
    }
},
{
    "model": "tutor.archivequestion",
    "pk": 37,
    "fields": {
        "archived": "2014-10-29T19:15:09.154Z",
        "tags": "",
        "comment": "",
        "function_name": "longer_word",
        "solution": "def longer_word(s1,s2):\r\n    if len(s2) > len(s1):\r\n        return s2\r\n    return s1",
        "created": "2014-10-29T19:15:09.154Z",
        "level": 2,
        "parent": 9,
        "prompt": "Write a function that returns the longer of two words, or the first word if they are the same length.",
        "modified": "2014-10-29T19:15:09.154Z",
        "version": 1,
        "modifier": 1,
        "creator": 1
    }
},
{
    "model": "tutor.archivequestion",
    "pk": 38,
    "fields": {
        "archived": "2014-10-30T02:20:05.320Z",
        "tags": "functions, tip4, math, pi",
        "comment": "",
        "function_name": "area_of_circle",
        "solution": "def area_of_circle(r):\r\n    return 3.14159 * r**2\r\n\r\n\r\n\r\n\r\n\r\n",
        "created": "2014-10-30T02:20:05.320Z",
        "level": 1,
        "parent": 2,
        "prompt": "Write a function ``area_of_circle(r)`` which returns the area of a circle of radius r.\r\n\r\n(Hint: if you can\u2019t remember how to find the area of a circle, look it up or ask a friend.)\r\n\r\n(Hint 2: use **3.14159** as the value for pi, to make sure your values match the\r\ntest casses.)\r\n\r\n",
        "modified": "2014-10-30T02:20:05.320Z",
        "version": 6,
        "modifier": 1,
        "creator": 1
    }
},
{
    "model": "tutor.archivequestion",
    "pk": 39,
    "fields": {
        "archived": "2014-10-30T13:03:00.434Z",
        "tags": "iteration, tip5, math",
        "comment": "",
        "function_name": "sum_of_squares",
        "solution": "def sum_of_squares(t):\r\n    return sum([i**2 for i in t])\r\n\r\n\r\n\r\n\r\n",
        "created": "2014-10-30T13:03:00.434Z",
        "level": 2,
        "parent": 5,
        "prompt": "Write a function ``called sum_of_squares`` that computes the sum of the square \r\nof the numbers in a list.\r\n\r\nFor example, if list x = [2,3,4], it should return 4+9+16 which is 29\r\nHint: use the built-in python function ``sum`` to make things easy on yourself.\r\n\r\n\r\n\r\n\r\n\r\n",
        "modified": "2014-10-30T13:03:00.434Z",
        "version": 6,
        "modifier": 1,
        "creator": 2
    }
},
{
    "model": "tutor.archivequestion",
    "pk": 40,
    "fields": {
        "archived": "2014-10-30T13:03:13.977Z",
        "tags": "iteration, tip5, math",
        "comment": "",
        "function_name": "sum_of_squares",
        "solution": "def sum_of_squares(t):\r\n    return sum([i**2 for i in t])\r\n\r\n\r\n\r\n\r\n",
        "created": "2014-10-30T13:03:13.977Z",
        "level": 3,
        "parent": 5,
        "prompt": "Write a function ``called sum_of_squares`` that computes the sum of the square \r\nof the numbers in a list.\r\n\r\nFor example, if list x = [2,3,4], it should return 4+9+16 which is 29\r\nHint: use the built-in python function ``sum`` to make things easy on yourself.\r\n\r\n\r\n\r\n\r\n\r\n",
        "modified": "2014-10-30T13:03:13.977Z",
        "version": 7,
        "modifier": 1,
        "creator": 2
    }
},
{
    "model": "tutor.test",
    "pk": 1,
    "fields": {
        "question": 1,
        "result": "6",
        "args": "[1,2,3]"
    }
},
{
    "model": "tutor.test",
    "pk": 2,
    "fields": {
        "question": 3,
        "result": "True",
        "args": "3"
    }
},
{
    "model": "tutor.test",
    "pk": 3,
    "fields": {
        "question": 3,
        "result": "False",
        "args": "4"
    }
},
{
    "model": "tutor.test",
    "pk": 4,
    "fields": {
        "question": 3,
        "result": "True",
        "args": "7"
    }
},
{
    "model": "tutor.test",
    "pk": 5,
    "fields": {
        "question": 3,
        "result": "False",
        "args": "8"
    }
},
{
    "model": "tutor.test",
    "pk": 6,
    "fields": {
        "question": 2,
        "result": "50.26544",
        "args": "4"
    }
},
{
    "model": "tutor.test",
    "pk": 7,
    "fields": {
        "question": 2,
        "result": "1520.52956",
        "args": "22"
    }
},
{
    "model": "tutor.test",
    "pk": 8,
    "fields": {
        "question": 3,
        "result": "True",
        "args": "1987"
    }
},
{
    "model": "tutor.test",
    "pk": 9,
    "fields": {
        "question": 4,
        "result": "2",
        "args": "4"
    }
},
{
    "model": "tutor.test",
    "pk": 10,
    "fields": {
        "question": 4,
        "result": "2.5",
        "args": "5"
    }
},
{
    "model": "tutor.test",
    "pk": 11,
    "fields": {
        "question": 5,
        "result": "29",
        "args": "[2,3,4]"
    }
},
{
    "model": "tutor.test",
    "pk": 12,
    "fields": {
        "question": 6,
        "result": "9",
        "args": "3"
    }
},
{
    "model": "tutor.test",
    "pk": 13,
    "fields": {
        "question": 6,
        "result": "432",
        "args": "144"
    }
},
{
    "model": "tutor.test",
    "pk": 14,
    "fields": {
        "question": 7,
        "result": "10",
        "args": "2000, 2010"
    }
},
{
    "model": "tutor.test",
    "pk": 17,
    "fields": {
        "question": 8,
        "result": "'hello, matt'",
        "args": "'matt'"
    }
},
{
    "model": "tutor.test",
    "pk": 20,
    "fields": {
        "question": 3,
        "result": "False",
        "args": "9"
    }
},
{
    "model": "tutor.test",
    "pk": 21,
    "fields": {
        "question": 9,
        "result": "\"aaaa\"",
        "args": "\"aaaa\",\"bb\""
    }
},
{
    "model": "tutor.test",
    "pk": 22,
    "fields": {
        "question": 9,
        "result": "\"bbbb\"",
        "args": "\"bbbb\",\"aa\""
    }
},
{
    "model": "tutor.test",
    "pk": 23,
    "fields": {
        "question": 9,
        "result": "\"aa\"",
        "args": "\"aa\",\"bb\""
    }
},
{
    "model": "tutor.test",
    "pk": 24,
    "fields": {
        "question": 8,
        "result": "a",
        "args": "a"
    }
},
{
    "model": "tutor.response",
    "pk": 1,
    "fields": {
        "user": 3,
        "is_correct": true,
        "code": "# write a function called is_prime\r\ndef is_prime(foo):\r\n    if (foo is 0) or (foo is 1):\r\n        return False\r\n    else:\r\n        for a in range(2,foo):\r\n            if (foo%a == 0):\r\n                return False\r\n    return True\r\n        ",
        "question": 3,
        "attempt": 1,
        "submitted": "2014-10-16T14:28:14.099Z"
    }
},
{
    "model": "tutor.response",
    "pk": 2,
    "fields": {
        "user": 3,
        "is_correct": false,
        "code": "# write a function called sum_of_squares\r\n\r\n\r\n",
        "question": 5,
        "attempt": 1,
        "submitted": "2014-10-16T14:37:04.351Z"
    }
},
{
    "model": "tutor.response",
    "pk": 3,
    "fields": {
        "user": 2,
        "is_correct": false,
        "code": "# write a function called area_of_circle\r\n\r\ndef area_of_circle(r):\r\n    return 2*3.14(r)\r\n",
        "question": 2,
        "attempt": 1,
        "submitted": "2014-10-24T00:42:24.661Z"
    }
},
{
    "model": "tutor.response",
    "pk": 4,
    "fields": {
        "user": 2,
        "is_correct": false,
        "code": "# write a function called area_of_circle\r\n\r\ndef area_of_circle(r):\r\n    return (2* 3.14159)(r)   \r\n",
        "question": 2,
        "attempt": 2,
        "submitted": "2014-10-24T00:46:06.215Z"
    }
},
{
    "model": "tutor.response",
    "pk": 5,
    "fields": {
        "user": 2,
        "is_correct": false,
        "code": "# write a function called area_of_circle\r\ndef area_of_circle(r):\r\n    return  (3.14159(r)) ** 2\r\n\r\n",
        "question": 2,
        "attempt": 3,
        "submitted": "2014-10-24T00:55:10.595Z"
    }
},
{
    "model": "tutor.response",
    "pk": 6,
    "fields": {
        "user": 2,
        "is_correct": true,
        "code": "# write a function called area_of_circle\r\n\r\ndef area_of_circle(r):\r\n    return r**2 *  3.14159\r\n",
        "question": 2,
        "attempt": 4,
        "submitted": "2014-10-24T00:56:49.182Z"
    }
},
{
    "model": "tutor.response",
    "pk": 7,
    "fields": {
        "user": 1,
        "is_correct": true,
        "code": "# write a function called listsum\r\n\r\n\r\ndef listsum(t):\r\n    return sum(t)",
        "question": 1,
        "attempt": 1,
        "submitted": "2014-10-28T16:35:28.021Z"
    }
},
{
    "model": "tutor.response",
    "pk": 8,
    "fields": {
        "user": 1,
        "is_correct": true,
        "code": "# write a function called hello\r\n\r\ndef hello(name)\r\n    return \"hello, \" + name\r\n",
        "question": 8,
        "attempt": 1,
        "submitted": "2014-10-28T16:36:15.138Z"
    }
},
{
    "model": "tutor.response",
    "pk": 9,
    "fields": {
        "user": 1,
        "is_correct": true,
        "code": "# write a function called half\r\n\r\ndef half(n):\r\n    return n/2\r\n",
        "question": 4,
        "attempt": 1,
        "submitted": "2014-10-28T16:37:02.163Z"
    }
},
{
    "model": "tutor.response",
    "pk": 10,
    "fields": {
        "user": 1,
        "is_correct": true,
        "code": "# write a function called half\r\n\r\ndef half(n):\r\n    return n/2\r\n",
        "question": 4,
        "attempt": 2,
        "submitted": "2014-10-28T16:38:46.037Z"
    }
},
{
    "model": "tutor.response",
    "pk": 11,
    "fields": {
        "user": 1,
        "is_correct": true,
        "code": "# write a function called half\r\n\r\n\r\n",
        "question": 4,
        "attempt": 3,
        "submitted": "2014-10-28T18:36:10.101Z"
    }
},
{
    "model": "tutor.response",
    "pk": 12,
    "fields": {
        "user": 1,
        "is_correct": true,
        "code": "# write a function called half\r\n\r\n\r\n",
        "question": 4,
        "attempt": 4,
        "submitted": "2014-10-28T18:56:57.694Z"
    }
},
{
    "model": "tutor.response",
    "pk": 13,
    "fields": {
        "user": 1,
        "is_correct": true,
        "code": "# write a function called half\r\n\r\n\r\n",
        "question": 4,
        "attempt": 5,
        "submitted": "2014-10-28T18:57:25.295Z"
    }
},
{
    "model": "tutor.response",
    "pk": 14,
    "fields": {
        "user": 1,
        "is_correct": true,
        "code": "# write a function called half\r\n\r\n\r\n",
        "question": 4,
        "attempt": 6,
        "submitted": "2014-10-28T18:57:43.364Z"
    }
},
{
    "model": "tutor.response",
    "pk": 15,
    "fields": {
        "user": 1,
        "is_correct": true,
        "code": "# write a function called half\r\n\r\n\r\n",
        "question": 4,
        "attempt": 7,
        "submitted": "2014-10-28T18:58:57.896Z"
    }
},
{
    "model": "tutor.response",
    "pk": 16,
    "fields": {
        "user": 1,
        "is_correct": true,
        "code": "# write a function called half\r\n\r\n\r\n",
        "question": 4,
        "attempt": 8,
        "submitted": "2014-10-28T18:59:16.481Z"
    }
},
{
    "model": "tutor.response",
    "pk": 17,
    "fields": {
        "user": 1,
        "is_correct": true,
        "code": "# write a function called half\r\n\r\n\r\n",
        "question": 4,
        "attempt": 9,
        "submitted": "2014-10-28T19:02:06.739Z"
    }
},
{
    "model": "tutor.response",
    "pk": 18,
    "fields": {
        "user": 1,
        "is_correct": true,
        "code": "# write a function called half\r\n\r\n\r\n",
        "question": 4,
        "attempt": 10,
        "submitted": "2014-10-28T19:02:36.126Z"
    }
},
{
    "model": "tutor.response",
    "pk": 19,
    "fields": {
        "user": 1,
        "is_correct": true,
        "code": "# write a function called sum_of_squares\r\n\r\ndef sum_of_squares(t):\r\n    total = 0\r\n    for number in t:\r\n        sq = number * number\r\n        total = total + sq\r\n    \r\n    return totalz\r\n    \r\n\r\n",
        "question": 5,
        "attempt": 1,
        "submitted": "2014-10-29T23:28:00.165Z"
    }
}
]
